word,relative freq (lyrics / general usage),general usage absolute freq,pop lyrics absolute freq
"these",0.022060360254145036,24557,1
"between",0.04205700386313482,12881,1
"different",0.0623115098643938,8694,1
"however",0.06612184386196017,8193,1
"during",0.06993755057591527,7746,1
"control",0.0837693314923519,6467,1
"people",0.08697002195553696,18687,3
"case",0.08708186252387715,6221,1
"guess",0.08869290549460375,6108,1
"few",0.09047031843036735,5988,1
"which",0.09050961786364146,29927,5
"school",0.09222612644893423,5874,1
"public",0.0940187897884484,5762,1
"several",0.09591647782596312,5648,1
"least",0.09705056731656031,5582,1
"course",0.0987488637916587,5486,1
"example",0.1003587007708484,5398,1
"city",0.10163907443921946,5330,1
"among",0.10194510100885203,5314,1
"shown",0.1078296709317356,5024,1
"week",0.11677867358504844,4639,1
"second",0.1194567291645071,4535,1
"15",0.12108544183304418,4474,1
"based",0.12436553415083555,4356,1
"country",0.12522798584397588,4326,1
"type",0.1258973429609667,4303,1
"given",0.1264261999442333,4285,1
"also",0.12747335563109785,21249,5
"30",0.12816093370263534,4227,1
"doing",0.13006873151525564,4165,1
"does",0.132567298852573,8173,2
"being",0.1344091965664408,8061,2
"age",0.1353325672648113,4003,1
"enough",0.13830387203498587,3917,1
"almost",0.1417786618060821,3821,1
"stuff",0.14753166306128532,3672,1
"company",0.14793453488832323,3662,1
"lot",0.15225864720658788,10674,3
"further",0.15540340411963272,3486,1
"following",0.1574357067018424,3441,1
"according",0.15789456915215377,3431,1
"become",0.15826358947152783,3423,1
"able",0.1584951043771327,3418,1
"specific",0.1592405252090064,3402,1
"going",0.1596315489915646,10181,3
"higher",0.1624396601982128,3335,1
"says",0.16511315658672346,6562,2
"13",0.16612581010764785,3261,1
"sort",0.16756457369657893,3233,1
"power",0.16829334164679705,3219,1
"six",0.16897575382440413,3206,1
"standard",0.1705718724058689,3176,1
"page",0.17197976722572686,3150,1
"family",0.17380053473244778,6234,2
"english",0.17407977723683793,3112,1
"especially",0.17469728047760066,3101,1
"form",0.17486645150453187,3098,1
"bill",0.1750359504882196,3095,1
"its",0.17717033579364969,21404,7
"include",0.1773858109892075,3054,1
"against",0.17814411929004922,6082,2
"american",0.18142540748862682,5972,2
"person",0.18179069354397304,2980,1
"human",0.18182120045680136,5959,2
"trying",0.18508242800172178,2927,1
"don",0.18533570535786512,23384,8
"job",0.1875168801526617,2889,1
"17",0.1877118041445044,2886,1
"members",0.18810287040313878,2880,1
"north",0.18961717422507512,2857,1
"although",0.1906850639778387,5682,2
"difference",0.1969950060949235,2750,1
"top",0.19836553158588052,2731,1
"idea",0.201839145589061,2684,1
"within",0.2045059519671724,5298,2
"rule",0.2062186017362161,2627,1
"instead",0.20637572067087226,2625,1
"drug",0.20965025803445808,2584,1
"due",0.21038301621787947,2575,1
"taken",0.21046475010141402,2574,1
"place",0.21340802314793764,5077,2
"child",0.2183539970822409,2481,1
"including",0.22197757294039733,4881,2
"11",0.22266184412702,4866,2
"showed",0.22302851657515013,2429,1
"main",0.22544164243072812,2403,1
"west",0.22829172640583215,2373,1
"included",0.22896714571472512,2366,1
"costs",0.2311161547615357,2344,1
"design",0.23131352124724153,2342,1
"any",0.23207322580081666,14006,6
"private",0.23240509084557684,2331,1
"12",0.23350701153493092,4640,2
"papers",0.23760362577238583,2280,1
"sample",0.23896615207809427,2267,1
"military",0.24098588379049807,2248,1
"23",0.24314913229849178,2228,1
"short",0.24479722854091263,2213,1
"former",0.24613187949161275,2201,1
"asked",0.24827509934053146,2182,1
"well",0.24847030974494022,30524,14
"deal",0.24941817070029448,2172,1
"paper",0.25091999386801284,4318,2
"number",0.254187104638611,8525,4
"file",0.25469500082794533,2127,1
"east",0.256261242554891,2114,1
"often",0.2584003180353158,4193,2
"international",0.2587088188925691,2094,1
"exactly",0.25982554760721327,2085,1
"wanted",0.26120360017407895,2074,1
"present",0.2647782339985531,4092,2
"even",0.2674108925553401,14181,7
"after",0.2692143878551241,14086,7
"small",0.27055248881024124,6007,3
"needs",0.27250315229428557,1988,1
"use",0.2737700964023851,9894,5
"month",0.27415802973736825,1976,1
"published",0.2742968439296404,1975,1
"about",0.2755607712198221,33421,17
"gene",0.2776354986603663,7805,4
"other",0.28175921055785225,24995,13
"20",0.2832854802654905,5737,3
"most",0.2838131672885126,17179,9
"movie",0.28693658197088967,3776,2
"set",0.28995696704426743,5605,3
"he",0.2908260726136302,44706,24
"leads",0.2910995522627833,1861,1
"okay",0.29288318621069004,5549,3
"source",0.2947422561267898,1838,1
"years",0.29481099800414196,12863,7
"stories",0.29506332612257063,1836,1
"popular",0.29619260074414416,1829,1
"ways",0.2970045322154823,1824,1
"works",0.29749383128008766,1821,1
"25",0.29806672173922405,3635,2
"children",0.29842247526315074,5446,3
"space",0.29880654537288454,1813,1
"house",0.2995500507387557,7234,4
"their",0.3031222335435088,28595,16
"california",0.3064119155888233,1768,1
"coming",0.3093867885557051,1751,1
"enjoy",0.31459713516901255,1722,1
"followed",0.31496294579130213,1720,1
"center",0.31532960812633276,3436,2
"easy",0.31606549986058324,1714,1
"both",0.3199589830684507,11852,7
"best",0.32023818724790526,5075,3
"nearly",0.3232316627452504,1676,1
"visit",0.33012569577150497,1641,1
"mail",0.3309323559933046,1637,1
"team",0.33153994293821276,1634,1
"san",0.3323535378902084,1630,1
"series",0.3344051029389134,1620,1
"friend",0.33585633401180387,1613,1
"really",0.3378173999076778,17640,11
"many",0.33877043180554345,12793,8
"or",0.3390296262967095,65514,41
"very",0.3408371263101993,11126,7
"work",0.34151241600569865,11104,7
"some",0.34697028187086226,23420,15
"places",0.34883210995559544,1553,1
"24",0.349281925700219,3102,2
"women",0.35299930501370963,4604,3
"act",0.3530376453314042,3069,2
"leading",0.35407599134708473,1530,1
"nature",0.35593710036862003,1522,1
"much",0.3609970680326786,13506,9
"south",0.3618812737214694,2994,2
"natural",0.3618812737214694,1497,1
"into",0.37120054822888576,17513,12
"none",0.37386905918636276,1449,1
"record",0.3756839575319276,1442,1
"because",0.3764017834017993,23028,16
"men",0.37686001165985367,2875,2
"planning",0.3775165622028151,1435,1
"has",0.37853874871939186,34347,24
"fish",0.379101656235857,1429,1
"book",0.38003245651423334,5702,4
"them",0.38035645610103086,19940,14
"times",0.3823892172357848,9917,7
"contains",0.3869544762578855,1400,1
"sunday",0.39086310733119745,1386,1
"same",0.390943697662606,9700,7
"search",0.3917109665661892,1383,1
"first",0.39324641896126566,13776,10
"they",0.3938868854416586,68768,50
"variety",0.3971673509978296,1364,1
"serious",0.39951052121020625,1356,1
"19",0.40188150353192853,2696,2
"supposed",0.4100955842248597,1321,1
"not",0.4106482271413592,59365,45
"member",0.41134112889980234,1317,1
"seen",0.4134339354574203,3931,3
"might",0.41720159165270676,7791,6
"such",0.42003939764371867,14187,11
"finding",0.4202763900395963,1289,1
"think",0.42036697856182753,23197,18
"labor",0.42356236650589496,1279,1
"art",0.42389379245777753,2556,2
"plan",0.42841934896088546,2529,2
"happen",0.42858881864006304,1264,1
"learn",0.42858881864006304,1264,1
"race",0.42892816053922384,1263,1
"own",0.43422272103321546,6238,5
"real",0.4361805690507566,6210,5
"unless",0.43653204412654284,1241,1
"pretty",0.4398102429559892,4927,4
"reason",0.4418729745196082,2452,2
"22",0.44241426440264575,2449,2
"clear",0.4442281810258628,2439,2
"him",0.444775260066535,9744,8
"success",0.4506957294185022,1202,1
"prepared",0.45295674478347797,1196,1
"giving",0.4575475226022295,1184,1
"shows",0.4575475226022295,2368,2
"single",0.45754752260222953,3552,3
"northern",0.46144486095488896,1174,1
"looks",0.46341853444058145,1169,1
"york",0.4638947309137178,5839,5
"university",0.4658093437326223,2326,2
"war",0.4727192554633854,4584,4
"of",0.47327242820600707,434971,380
"whether",0.4737113210572225,5718,5
"cars",0.48111568984106545,1126,1
"runs",0.48499218152286455,1117,1
"an",0.48521925165365387,49125,44
"monday",0.48761140122505825,1111,1
"role",0.49218921874110205,3302,3
"watch",0.4947363166767485,2190,2
"right",0.4953553620703477,20779,19
"death",0.49579280057447195,3278,3
"next",0.49964147268714754,4337,4
"spanish",0.5006804683558592,1082,1
"records",0.5016076544083701,1080,1
"german",0.5062955764121866,1070,1
"mother",0.5067691924799248,2138,2
"having",0.5107105979364032,4243,4
"later",0.5118767874907462,3175,3
"twice",0.5134940917166253,1055,1
"early",0.5155710366510013,4203,4
"bank",0.5174176377851382,1047,1
"sent",0.517912300918776,1046,1
"bit",0.5182426021310966,3136,3
"others",0.5245993545135956,3098,3
"means",0.5249382429855036,3096,3
"los",0.5353125165622922,2024,2
"year",0.5381842507063775,10066,10
"array",0.5411950716893503,1001,1
"been",0.5417154315521339,26001,26
"than",0.5420750636758371,23985,24
"jan",0.5422785453063461,999,1
"leader",0.5422785453063461,999,1
"pathway",0.5461051076220158,992,1
"were",0.5488822919855438,51323,52
"thousands",0.549986057625421,985,1
"good",0.5515057980406163,13752,14
"pass",0.5539225631503473,978,1
"used",0.5546409119797691,14651,15
"ahead",0.5567690305868856,973,1
"grown",0.5584909966608657,970,1
"building",0.5584909966608657,1940,2
"fun",0.55964490367876,1936,2
"box",0.5602236471158631,967,1
"distance",0.5631354124335132,962,1
"became",0.5654867085188306,1916,2
"monica",0.5660776037210445,957,1
"performed",0.5706491574027805,2848,3
"build",0.5720551919335161,947,1
"another",0.5725842428442749,7569,8
"sept",0.5757027276950475,941,1
"ii",0.5783661210971954,2810,3
"strong",0.5872479856488234,1845,2
"below",0.5891639660261443,1839,2
"was",0.5941980089732916,91171,100
"pay",0.5946611051163991,3644,4
"everyone",0.5956418546025725,1819,2
"at",0.597163937706327,59874,66
"yes",0.5980529163875323,5435,6
"glass",0.5999294205548612,903,1
"temple",0.6052919181687594,895,1
"absolutely",0.6080092780707517,891,1
"march",0.6100633634696393,1776,2
"have",0.6121136401576239,69032,78
"his",0.6134980048093054,30906,35
"mexico",0.622685364093149,870,1
"twenty",0.6244798464104204,1735,2
"that",0.6249733695959236,220171,254
"floor",0.6255615089619395,866,1
"resistance",0.6277361144392116,863,1
"goal",0.6299258915826043,860,1
"name",0.6321309997211664,4285,5
"familiar",0.6321309997211665,857,1
"angeles",0.6339804175085308,1709,2
"club",0.6350952717011017,853,1
"full",0.6368373041861751,2552,3
"key",0.6433922408088357,1684,2
"express",0.6441572731998094,841,1
"as",0.6482911856587792,85235,102
"slightly",0.648785948216814,835,1
"hall",0.6495638690180332,834,1
"off",0.649661240307048,6671,8
"placed",0.6503436575762781,833,1
"trip",0.6503436575762781,833,1
"bob",0.6511253206262496,832,1
"nation",0.6515168571990856,1663,2
"biggest",0.6519088649350657,831,1
"lots",0.6542708535761349,828,1
"wrote",0.6562522916548027,1651,2
"great",0.6574469256808734,5768,7
"kill",0.6614606431758726,819,1
"table",0.6619995113169528,4910,6
"piece",0.6638924837757839,2448,3
"the",0.6646127299953389,810225,994
"august",0.6655236692396065,814,1
"price",0.6671628900998026,1624,2
"since",0.6678940275136106,7300,9
"trust",0.6696369181224223,809,1
"greatest",0.6696369181224223,809,1
"fight",0.6712964891710529,807,1
"grew",0.672964306535453,805,1
"obviously",0.6788675022068167,798,1
"necessarily",0.6822874896234756,794,1
"ought",0.6831478773783602,793,1
"repeated",0.6840104378295956,792,1
"game",0.6840104378295956,1584,2
"hate",0.6892318915534855,786,1
"dinner",0.6901098939631078,785,1
"part",0.6904397218557141,6277,8
"moral",0.6909901361747955,784,1
"under",0.6947316045667365,7018,9
"competition",0.6963191089473517,778,1
"quite",0.6990145377561803,3100,4
"late",0.7017309154935748,2316,3
"nice",0.7024133118457564,3085,4
"led",0.7030970366788315,1541,2
"sold",0.7053857640117704,768,1
"we",0.7070297133079664,64362,84
"had",0.7074705525094338,29098,38
"put",0.7114735210745362,5330,7
"fear",0.7128108773171575,760,1
"younger",0.7146916448034824,758,1
"show",0.7162665492653676,4538,6
"run",0.7168194068951897,3023,4
"tried",0.7170566072283782,1511,2
"view",0.7172148280154982,2266,3
"this",0.7173177089755235,60418,80
"before",0.7175314791536949,8305,11
"went",0.7178484100190455,4528,6
"advice",0.7194372732550328,753,1
"are",0.7194875624534989,71530,95
"simple",0.721833799814843,1501,2
"valley",0.7223150223480529,750,1
"appear",0.7237625474429388,1497,2
"money",0.7240043658684125,5986,8
"tough",0.7271627741758921,745,1
"mean",0.728270657950851,11158,15
"headline",0.7301027853922367,742,1
"ended",0.7310880792996487,741,1
"ok",0.7320760361635671,740,1
"read",0.7377252838325552,4406,6
"throughout",0.7380603089387462,1468,2
"thought",0.7405827296801636,4389,6
"edition",0.7410892842148286,731,1
"held",0.7446546622144875,1455,2
"mentioned",0.74516680434806,727,1
"offer",0.7461932049050133,1452,2
"out",0.7473991618367453,25369,35
"third",0.7548577799735806,2153,3
"know",0.7552524195332532,51645,72
"unknown",0.7576731003650905,715,1
"thank",0.7576731003650905,715,1
"kennedy",0.7587342671723244,714,1
"scene",0.7619356775823343,711,1
"seeing",0.765164218589039,708,1
"there",0.7669766634423497,36729,52
"change",0.7700586592196726,4221,6
"five",0.7706063538563865,4921,7
"black",0.7722541222537985,2806,4
"safe",0.7772399810057958,697,1
"charles",0.7805998080130255,694,1
"match",0.7805998080130255,694,1
"cross",0.7805998080130255,694,1
"hard",0.7848975177644736,3451,5
"to",0.7849851481067384,336780,488
"help",0.7855044950619232,4138,6
"changed",0.7856943680363156,1379,2
"johnson",0.7862645381147165,689,1
"restaurant",0.7874073644782553,688,1
"needed",0.7874073644782554,2064,3
"is",0.7908832234593467,144530,211
"fresh",0.7931716936472031,683,1
"it",0.7946874783251912,148610,218
"gates",0.795501125933979,681,1
"el",0.7978442809440938,679,1
"who",0.8023081126953031,24308,36
"professor",0.807356582356244,671,1
"hardly",0.8085615921806563,670,1
"story",0.8104971076616392,6684,10
"cannot",0.81464100264818,1995,3
"growing",0.8208125253955146,1320,2
"16",0.8260693302242142,3279,5
"smoking",0.8296114345498311,653,1
"submitted",0.830883844725521,652,1
"guns",0.830883844725521,652,1
"and",0.8331982844044221,409619,630
"high",0.8337902524655709,7147,11
"yet",0.8345102953956967,3895,6
"certain",0.8350462686104658,2595,4
"gives",0.8399011887768056,1290,2
"clothes",0.8438259606869777,642,1
"head",0.8451423818424957,1923,3
"said",0.847566519052474,11505,18
"would",0.8492748760391051,26791,42
"low",0.8531279791512436,3175,5
"doctor",0.8558234861943755,633,1
"end",0.8568386979217709,5058,8
"27",0.8585360804453879,1893,3
"nine",0.8612659248983142,1258,2
"worry",0.8640131846268576,627,1
"too",0.8656238616687717,11265,18
"controlled",0.8667780268176635,625,1
"line",0.8681670941683327,3120,5
"author",0.869560620804237,1246,2
"tom",0.869560620804237,623,1
"should",0.872517251404681,11176,18
"each",0.880657184038104,12303,20
"nov",0.8808719784732353,615,1
"stands",0.8851899783677118,612,1
"world",0.885189978367712,7344,12
"peace",0.885913764122714,1223,2
"introduction",0.8880922405918683,610,1
"recognize",0.88955052013307,609,1
"on",0.8898386336618581,86450,142
"traffic",0.8910135966464469,608,1
"seven",0.8919916576745988,1822,3
"eight",0.8924814938402631,1821,3
"initially",0.8924814938402631,607,1
"sorry",0.8939542355792733,606,1
"ago",0.8961724843027952,3627,6
"millions",0.898401769089618,603,1
"though",0.9004924646958771,6016,10
"talking",0.901016659893621,2405,4
"hearing",0.9059134895669559,598,1
"content",0.9066715761691041,1195,2
"certainly",0.9099713327453074,1786,3
"in",0.9117004159959634,279276,470
"reality",0.9120139171061273,594,1
"felt",0.9127822523353659,1187,2
"discuss",0.915095045204459,592,1
"things",0.9164366754726058,8867,15
"holding",0.9166434293757016,591,1
"november",0.9181970623068468,590,1
"past",0.9181970623068468,2950,5
"road",0.9187161109571051,1769,3
"production",0.91923574676647,1768,3
"flow",0.9205374116585211,1177,2
"over",0.9285984599421607,13418,23
"opened",0.9292217268628469,583,1
"tiny",0.9324204247177963,581,1
"write",0.9324204247177963,1162,2
"kind",0.9373553725127404,9825,17
"whatever",0.9442026435922259,2295,4
"died",0.9462642214166631,1145,2
"wealth",0.947091375456363,572,1
"whom",0.947091375456363,1144,2
"position",0.9475054949908871,2287,4
"sure",0.9476436153254338,5145,9
"james",0.9479199768347151,1143,2
"but",0.9484779555396664,66255,116
"films",0.9504145030895433,570,1
"managed",0.9520848273480487,569,1
"closer",0.9520848273480487,569,1
"sometimes",0.9564552732362988,2832,5
"travel",0.9639435351619923,1124,2
"known",0.9654466772306344,4489,8
"foot",0.9656617945829585,561,1
"stopped",0.9673861906447138,560,1
"oldest",0.9691167562809296,559,1
"principal",0.9691167562809296,559,1
"more",0.9697053200772966,31285,56
"ride",0.9708535246613615,558,1
"found",0.9723279674021147,7243,13
"noise",0.9725965291939671,557,1
"with",0.9769122612500006,98708,178
"for",0.9776007915958629,134104,242
"behind",0.9819992750955403,1655,3
"whenever",0.9849750304746175,550,1
"artists",0.986769156213187,549,1
"hot",0.989472633353497,1095,2
"she",0.9896985919361309,17516,32
"started",0.9940114986441095,2180,4
"kit",1.0013609367117184,541,1
"fine",1.0050765617087936,1617,3
"acting",1.008819863614599,537,1
"hotel",1.0135383849598496,1069,2
"trial",1.0144873909382766,1602,3
"pick",1.0163907443921945,1066,2
"aside",1.0202189581187187,531,1
"answer",1.0211805216984726,2122,4
"burden",1.0221438995491314,530,1
"appears",1.0260156567443934,1584,3
"like",1.0272428407907925,34279,65
"altered",1.0299168569601516,526,1
"surprising",1.0318786033543612,525,1
"wind",1.035824601837552,523,1
"quarter",1.03980089589451,521,1
"goes",1.0405998209009597,2603,5
"playing",1.0407997440173673,1041,2
"anyone",1.0411331199763736,1561,3
"maybe",1.0412284094803068,3642,7
"missed",1.0418005130019994,520,1
"began",1.047845777100657,1551,3
"writing",1.0498764859710072,1548,3
"francisco",1.0498764859710072,516,1
"situation",1.0594581488155925,1534,3
"making",1.060149250021604,3066,6
"two",1.0615159148620383,19393,38
"prefer",1.0622279740412544,510,1
"pull",1.0664099739390545,508,1
"then",1.0667699638031052,17774,35
"complete",1.0669350403959421,2031,4
"thinking",1.0685133466687173,1521,3
"ones",1.0786187491509003,2009,4
"makes",1.078848895398941,3515,7
"hill",1.0791559098825492,1004,2
"getting",1.085954715729461,3492,7
"standing",1.0878238288374291,498,1
"look",1.0897689764973975,4474,9
"something",1.0906221677327719,8941,18
"lives",1.0966321189494732,1482,3
"those",1.104916090236295,13238,27
"jordan",1.1055842178796729,490,1
"waste",1.1078451263006945,489,1
"son",1.1101153007398354,1464,3
"lately",1.1123947982772888,487,1
"lived",1.1131567125226842,1460,3
"sell",1.115831651413058,971,2
"surprise",1.1169819933217313,485,1
"hills",1.11928980735752,484,1
"drawn",1.1216071775590883,483,1
"latest",1.1251012809159702,963,2
"setting",1.1262708248670263,962,2
"continued",1.127442802832549,961,2
"step",1.1278340043602493,1441,3
"truth",1.1286172224188327,960,2
"turned",1.129401529036219,1439,3
"wish",1.1309734170376613,958,2
"boy",1.1373049687075711,1429,3
"be",1.139230653536729,67525,142
"drinking",1.1429035163735013,474,1
"did",1.1446923777232798,12778,27
"cause",1.1453198028774623,1892,4
"recall",1.1477463278835587,472,1
"word",1.1505321199415284,3296,7
"takes",1.1526303548107226,1880,4
"half",1.1567322421943909,2810,6
"organ",1.160034832464753,467,1
"us",1.1631114593252934,7918,17
"continue",1.164189685016561,1396,3
"entered",1.1650242295936337,465,1
"farm",1.1675350576746544,464,1
"paid",1.1692149642324599,1390,3
"lost",1.1694252925224817,1853,4
"our",1.1717216766417842,17569,38
"seat",1.1725893219935923,462,1
"three",1.1734359568831183,9695,21
"could",1.174064895804826,14304,31
"john",1.1747082040355035,2767,6
"tables",1.1751328996985675,461,1
"china",1.1802533044902825,1836,4
"return",1.1845545191567923,1372,3
"fan",1.1880181288619291,456,1
"alive",1.1958857985894915,453,1
"may",1.1961712639588513,16757,37
"seems",1.2009227815585009,4511,10
"college",1.2054656581242538,2247,5
"guide",1.209232738305892,896,2
"watching",1.209232738305892,896,2
"originally",1.2146553066391024,892,2
"up",1.2163250124308533,21824,49
"done",1.2201267269392786,3996,9
"de",1.2252516534175373,3095,7
"get",1.230286752674579,17173,39
"one",1.2358375749896982,39452,90
"depends",1.2410911036908123,873,2
"oh",1.242183089144388,18753,43
"only",1.2438364191747004,17857,41
"lay",1.248240245993179,434,1
"her",1.2509479254855722,14291,33
"wants",1.2530522746978559,1297,3
"tea",1.254019136020925,432,1
"artist",1.262788500608484,429,1
"understand",1.2716813773733324,2130,5
"sound",1.2716813773733326,1278,3
"new",1.2718605126568054,21297,50
"four",1.2744429004512334,5526,13
"better",1.2751736369424238,5098,12
"owned",1.2776798744364144,424,1
"future",1.2781823045875889,2543,6
"wall",1.278282838039263,2119,5
"milk",1.2867844816176714,421,1
"stick",1.2867844816176714,421,1
"captured",1.2898482541929515,420,1
"field",1.29061647828717,1679,4
"stocks",1.2929266509810016,419,1
"cold",1.2949870918590591,1255,3
"yesterday",1.2991277380360664,1251,3
"highway",1.3053885946049149,415,1
"see",1.3069632491219292,16580,40
"won",1.3191629872427915,2464,6
"air",1.319468986543938,2874,7
"castle",1.3245385495379942,409,1
"paint",1.3245385495379942,409,1
"matter",1.330502497161784,2443,6
"childhood",1.331047338479213,407,1
"mistake",1.331047338479213,407,1
"scenes",1.331047338479213,407,1
"buy",1.353212989411423,2402,6
"perfect",1.3560357115420267,799,2
"ground",1.3600073642536563,1195,3
"rid",1.3611463988970847,398,1
"lose",1.3732224759468685,789,2
"grass",1.378463783106971,393,1
"covers",1.381980272349591,392,1
"repeats",1.3855147487494621,391,1
"mercury",1.3855147487494621,391,1
"win",1.3962274916521642,776,2
"shoot",1.3962274916521642,388,1
"living",1.397668386896387,1938,5
"wing",1.3998353146280094,387,1
"kept",1.3998353146280096,1161,3
"plain",1.4034618309871494,386,1
"brief",1.4052821446460173,771,2
"anything",1.4081046631312468,4232,11
"grow",1.4126108650874567,767,2
"serve",1.4144550045980149,1149,3
"regularly",1.4181577663901561,382,1
"if",1.4198392014953924,32050,84
"what",1.4198556093720827,30905,81
"take",1.4235783407480738,8372,22
"appreciate",1.425621754634315,380,1
"denied",1.425621754634315,380,1
"wearing",1.425621754634315,380,1
"while",1.427970390144421,9105,24
"al",1.4299637498260946,4925,13
"note",1.4308934674089797,1893,5
"belief",1.4331647268810574,378,1
"home",1.4351747755863602,6417,17
"tower",1.436966224830344,754,2
"moving",1.4446300446961058,750,2
"intended",1.4465587897491046,749,2
"body",1.4484926918744376,1870,5
"seem",1.4507092070877114,2614,7
"here",1.4519435380730663,13432,36
"tree",1.4562802869920424,1116,3
"clearly",1.4592222673698039,1485,4
"sport",1.4641520723271342,370,1
"until",1.4648719111040895,4068,11
"hollywood",1.4661333335887405,739,2
"sitting",1.4661333335887405,739,2
"follows",1.4661333335887405,739,2
"october",1.4661333335887405,739,2
"back",1.4712403041095659,8469,23
"cathedral",1.4721094205463034,368,1
"blair",1.4801537343197806,366,1
"depression",1.4801537343197806,366,1
"turn",1.4835315383688903,2191,6
"tone",1.4842089500302456,365,1
"elegant",1.4882864471457133,364,1
"screen",1.4923864098100266,726,2
"eat",1.495132290968831,1087,3
"easier",1.5006544785624367,722,2
"bet",1.5069159019778573,719,2
"gun",1.5132297954218985,1074,3
"play",1.5141696897047692,3220,9
"fee",1.5174685343446488,357,1
"so",1.5225790939423012,41273,116
"double",1.526017652847999,710,2
"crime",1.526017652847999,1420,4
"hopes",1.526017652847999,355,1
"simply",1.526017652847999,1775,5
"empty",1.530328437178078,354,1
"will",1.5343131213368262,21891,62
"cover",1.535388568996806,2117,6
"jury",1.53902348511659,1056,3
"today",1.5398984274048881,5277,15
"william",1.5419438332856916,1054,3
"rare",1.5589532856432795,695,2
"marks",1.5657117536446232,346,1
"time",1.5657117536446234,20760,60
"close",1.5702500485827238,2415,7
"lead",1.571958699342879,2757,8
"aware",1.5748147289565106,688,2
"spent",1.575960048759388,1375,4
"buying",1.5771070356944388,687,2
"ninety",1.5794060255423896,343,1
"engine",1.5794060255423896,343,1
"need",1.5807615061684988,5826,17
"shall",1.5824817919017713,1027,3
"bag",1.5886694039913185,341,1
"constantly",1.5933419610618813,340,1
"lying",1.5933419610618813,340,1
"kid",1.5956885618881875,679,2
"promised",1.598042084840825,339,1
"laid",1.598042084840825,339,1
"chair",1.602770020003076,338,1
"format",1.602770020003076,338,1
"hours",1.6038244739636043,3040,9
"radio",1.6123103177411897,1008,3
"strain",1.6123103177411897,1008,3
"peak",1.614713164712488,671,2
"released",1.6171231843613125,670,2
"save",1.6171231843613127,1005,3
"hang",1.621964870542035,334,1
"called",1.6226126200909734,5008,15
"somebody",1.6258591439406953,1666,5
"made",1.6266232552877171,7660,23
"around",1.6277667194136263,6989,21
"room",1.6310339214310872,2325,7
"uniform",1.6317357432561437,332,1
"royal",1.6391415030591217,661,2
"relations",1.6441161358453404,659,2
"steel",1.6466147925867467,329,1
"self",1.6466147925867467,329,1
"printed",1.6566858310735157,327,1
"strikes",1.6566858310735157,327,1
"inspired",1.6566858310735157,327,1
"supply",1.661767689451042,652,2
"partially",1.661767689451042,326,1
"mere",1.6668808208031989,325,1
"writers",1.6746097890604008,647,2
"prize",1.6876519213739554,321,1
"entitled",1.6876519213739554,321,1
"bennett",1.692925833628249,320,1
"moves",1.7035731659152191,318,1
"rough",1.7035731659152191,318,1
"else",1.7167698594539988,2840,9
"wondering",1.7252747349077695,314,1
"slow",1.730786794763705,626,2
"ticket",1.7363341883366656,312,1
"breaking",1.7363341883366656,312,1
"ready",1.7381912302493254,935,3
"counted",1.7419172564663654,311,1
"danger",1.7419172564663654,311,1
"storm",1.7419172564663654,311,1
"live",1.7424775386331284,3109,10
"reply",1.7475363443904506,310,1
"saying",1.7487899572630405,2788,9
"ah",1.750359504882196,619,2
"rest",1.7509252319361333,1547,5
"henry",1.7531918018156625,618,2
"appeal",1.7560332796143912,617,2
"lawn",1.7588839829903884,308,1
"from",1.7648799434355185,59549,194
"do",1.7673223056875216,31266,102
"free",1.7736000003089694,2749,9
"checked",1.7761844811837366,305,1
"campus",1.7761844811837366,305,1
"start",1.780725493370839,2738,9
"wedding",1.7879084711585467,303,1
"arm",1.790863691772032,605,2
"susan",1.7938286978842373,302,1
"pacific",1.7938286978842373,302,1
"letting",1.7938286978842373,302,1
"lee",1.7938286978842373,604,2
"meaning",1.796803538179236,1206,4
"where",1.79737431439848,14166,47
"across",1.800386396680092,3009,10
"taking",1.8083709429314627,2097,7
"no",1.8111855992246841,25424,85
"feed",1.8179069354397306,298,1
"magnificent",1.8179069354397306,298,1
"battle",1.8179069354397306,596,2
"ties",1.8179069354397306,298,1
"morning",1.8189242308708662,1787,6
"janet",1.8240278342122547,297,1
"track",1.8240278342122547,594,2
"built",1.8293072201289327,2073,7
"bread",1.8363941246136937,295,1
"cheaper",1.842640363132788,294,1
"wash",1.842640363132788,294,1
"romantic",1.842640363132788,294,1
"gets",1.8453303490643687,2055,7
"propose",1.8489292380922857,293,1
"wait",1.8531457243821199,877,3
"straight",1.8552611875378069,584,2
"guys",1.8573814860378504,875,3
"george",1.8605710363859407,1747,6
"last",1.8611628963669768,7859,27
"teams",1.8745199541904487,578,2
"planes",1.8745199541904487,289,1
"train",1.8777686889464116,577,2
"load",1.8810287040313878,288,1
"reg",1.8875828110140753,287,1
"rich",1.894182750912726,1144,4
"mind",1.8975000587076698,1713,6
"annotated",1.9008290061790867,285,1
"poet",1.9075220660599987,284,1
"apple",1.9142624267174546,283,1
"corner",1.9176505018089898,565,2
"sending",1.9210505913512046,282,1
"by",1.9245730311244822,69808,248
"got",1.9276965111591802,10117,36
"reached",1.9301767224265074,842,3
"subtle",1.9347723812894275,280,1
"charming",1.9347723812894275,280,1
"want",1.9350603366966739,6719,24
"broadcast",1.941707049322723,279,1
"far",1.9430128375199809,4461,16
"golden",1.9451930583879342,557,2
"stop",1.9451930583879342,1671,6
"can",1.9533371559117287,33558,121
"talk",1.9549424221529097,2494,9
"jump",1.9557265948051974,277,1
"hope",1.960444873682894,1658,6
"without",1.9661870235835248,5235,19
"dean",1.9843819295276177,273,1
"inside",1.9906319513529018,1905,7
"van",1.9953453656023559,543,2
"remain",1.9971843935890863,1085,4
"singer",1.9990268146163828,271,1
"personality",1.9990268146163828,271,1
"austin",1.9990268146163828,271,1
"ship",1.9990268146163828,271,1
"all",2.0050949561918388,37555,139
"boom",2.0064306176334803,270,1
"silence",2.0138894675131587,269,1
"hat",2.0138894675131587,269,1
"believed",2.018892919606359,805,3
"counter",2.0214039804516406,268,1
"baseball",2.0214039804516406,536,2
"red",2.0302420990419976,1601,6
"down",2.0329045236160552,8261,31
"breakfast",2.03660250662045,266,1
"dishes",2.03660250662045,266,1
"finger",2.0520313134887864,264,1
"brings",2.0520313134887864,528,2
"brother",2.052031313488787,792,3
"weeks",2.05300337948286,2111,8
"doubt",2.0546255376524893,791,3
"green",2.0582684907334334,1316,5
"rolling",2.059833713920303,263,1
"treat",2.059833713920303,526,2
"fashion",2.0650683612237852,787,3
"date",2.0804004099886315,1302,5
"long",2.0857608375221433,6753,26
"knows",2.0876156715261645,1038,4
"speak",2.0889573268420554,778,3
"dozens",2.0916458176101917,259,1
"lawrence",2.0916458176101917,259,1
"tells",2.1024693405991193,773,3
"soon",2.1038301621787947,1545,6
"pop",2.1038301621787947,515,2
"anywhere",2.107923216969026,514,2
"wet",2.1161572920353113,256,1
"looking",2.1234150583480242,2041,8
"make",2.1248945228034173,9688,38
"hanging",2.132819947878109,254,1
"loose",2.132819947878109,254,1
"tall",2.132819947878109,254,1
"tie",2.132819947878109,254,1
"still",2.135112480964327,8373,33
"bitter",2.1497470903215863,252,1
"answered",2.1583118197650983,251,1
"grand",2.166945067044159,1000,4
"begin",2.173465463434462,997,4
"badly",2.1756476576748582,249,1
"trouble",2.1800252183542845,994,4
"boys",2.1814883225276764,745,3
"spoken",2.1844204304880632,248,1
"moore",2.1844204304880632,248,1
"learned",2.1844204304880632,992,4
"sit",2.186624689247385,991,4
"way",2.1902412696394142,10883,44
"correspond",2.193264237898946,247,1
"thing",2.2150862754301746,7337,30
"spots",2.215690252601389,489,2
"draw",2.220230601479671,488,2
"cigarette",2.220230601479671,244,1
"million",2.2361155755133724,3634,15
"confusion",2.23857961471504,242,1
"jerry",2.23857961471504,242,1
"incredible",2.23857961471504,242,1
"customers",2.23857961471504,484,2
"unexpected",2.2478683268092934,241,1
"heavy",2.2478683268092934,723,3
"francis",2.2478683268092934,241,1
"whole",2.2496185487092224,3853,16
"land",2.2525416497340527,1443,6
"fame",2.2666789404227603,239,1
"roger",2.2666789404227603,239,1
"annotations",2.2762028015169733,238,1
"share",2.2762028015169733,1428,6
"young",2.291447021900767,2837,12
"send",2.303300453915985,1176,5
"realize",2.3052607096214457,705,3
"july",2.310175977659018,1407,6
"now",2.319360163502922,16350,70
"heads",2.325048355197595,466,2
"once",2.3285461713347932,4653,20
"loved",2.3350701153493088,464,2
"somewhere",2.3384299284649197,695,3
"just",2.340868070877409,31011,134
"left",2.3473561543344337,3231,14
"always",2.3502657993971354,5532,24
"worthy",2.355375072874086,230,1
"moments",2.355375072874086,230,1
"how",2.356951629147763,14940,65
"wrong",2.365660553541658,1832,8
"forgotten",2.365660553541658,229,1
"go",2.366224163902254,12592,55
"must",2.3765100436177216,5015,22
"believe",2.3832729163768245,2955,13
"grace",2.3865033778019367,227,1
"when",2.38676844667026,27010,119
"figs",2.3970631272612373,226,1
"happened",2.4077167411601765,1350,6
"die",2.4112890211915716,674,3
"carry",2.415769305511883,897,4
"replied",2.418465476611784,224,1
"covered",2.4211676726750375,895,4
"wine",2.436594902973192,667,3
"supreme",2.436594902973192,667,3
"every",2.4457619266864095,6202,28
"tied",2.4512953247105864,221,1
"secret",2.4512953247105864,884,4
"blind",2.4736815833837427,219,1
"striking",2.4793421819727217,437,2
"sharing",2.4793421819727217,437,2
"row",2.485028746610274,436,2
"kings",2.485028746610274,218,1
"dried",2.485028746610274,218,1
"stayed",2.490741456372596,435,2
"nothing",2.492651534176563,2608,12
"mars",2.496480491986358,217,1
"crude",2.496480491986358,217,1
"upon",2.4977594266646297,1952,9
"myself",2.5061045493957117,1297,6
"girls",2.519703566330417,860,4
"open",2.5207694307831794,2364,11
"beyond",2.5247362632005848,1502,7
"crowded",2.5314778820609334,214,1
"poem",2.5314778820609334,214,1
"crack",2.5314778820609334,214,1
"fifth",2.5374064016910522,427,2
"em",2.543362754746665,213,1
"sentence",2.5433627547466653,639,3
"summer",2.554021163357442,1909,9
"picture",2.56261242554891,1057,5
"comes",2.563053305105994,2325,11
"wins",2.5674704585831267,211,1
"fears",2.5674704585831267,211,1
"afternoon",2.5674704585831267,422,2
"richard",2.569906388809486,1054,5
"hell",2.579696508385903,420,2
"brian",2.579696508385903,210,1
"ours",2.585853301962003,419,2
"selling",2.5879121023616545,628,3
"races",2.5920395538805727,209,1
"took",2.6000369333748905,2917,14
"burning",2.6045012825049985,208,1
"follow",2.6045012825049985,1040,5
"walking",2.6086818624127113,623,3
"well-known",2.6170834143045396,207,1
"feel",2.626787374483079,3506,17
"king",2.6279652580230612,1443,7
"website",2.6297877027234935,206,1
"altogether",2.6297877027234935,206,1
"gosh",2.638325974485583,616,3
"mm",2.6402011173245916,3283,16
"try",2.6416954840315414,2871,14
"fifty",2.6490770990759884,818,4
"white",2.6603120242729625,4480,22
"desire",2.662094676958426,407,2
"care",2.6636049424710726,5288,26
"mysterious",2.68186270673782,202,1
"1970",2.68186270673782,202,1
"came",2.6876838040857782,3225,16
"webster",2.695205307268854,201,1
"southern",2.695205307268854,1005,5
"weather",2.700579595020138,1003,5
"grant",2.7041743765110136,601,3
"delightful",2.7086813338051985,200,1
"burned",2.7086813338051985,200,1
"lucky",2.7154700088272667,399,2
"prose",2.7360417513183823,198,1
"pound",2.749930288127105,197,1
"taylor",2.749930288127105,197,1
"bridge",2.7592679121954484,589,3
"bed",2.763960544699182,588,3
"poor",2.7670978438418596,1762,9
"williams",2.7710294974989242,391,2
"fire",2.7781347013386646,975,5
"twelve",2.778134701338665,585,3
"moment",2.780986995693222,974,5
"chat",2.7924549833043284,194,1
"scared",2.7924549833043284,194,1
"handful",2.7924549833043284,194,1
"remember",2.7924549833043284,2522,13
"94",2.8069236619742988,193,1
"sophisticated",2.8215430560470818,384,2
"worn",2.8363155327803122,191,1
"pose",2.8363155327803122,191,1
"dining",2.8363155327803122,191,1
"hour",2.8474968029489602,1522,8
"life",2.849101327819142,6655,35
"wherever",2.866329453762115,189,1
"bound",2.866329453762115,756,4
"skill",2.866329453762115,189,1
"peter",2.876475752713485,565,3
"hoped",2.881575887026807,188,1
"voice",2.8892600893922116,750,4
"traces",2.8969853837488753,187,1
"eye",2.9008635435664774,747,4
"upper",2.9008635435664774,747,4
"gave",2.9073502688427886,1677,9
"da",2.9125605739840843,372,2
"pictures",2.924352317198595,741,4
"chest",2.944218841092607,184,1
"scottish",2.944218841092607,184,1
"fellow",2.9495622509675483,551,3
"played",2.9495622509675483,1102,6
"fast",2.9506332612257062,918,5
"palace",2.9522412357549848,734,4
"find",2.954578513299126,5684,31
"welcome",2.960307468639561,366,2
"give",2.9742383273155117,3825,21
"grows",2.9765728942914267,182,1
"friendship",2.9765728942914267,182,1
"pet",2.9765728942914267,364,2
"mississippi",3.026459590843797,179,1
"hero",3.026459590843797,358,2
"stays",3.026459590843797,179,1
"earth",3.030692401460362,715,4
"speed",3.03777345847312,535,3
"feelings",3.04346217281483,356,2
"yale",3.04346217281483,178,1
"beautiful",3.0483551988161395,1244,7
"enter",3.054903759930675,532,3
"reward",3.060656874356156,177,1
"february",3.0722283559227206,529,3
"through",3.0737632093282414,9341,53
"miracle",3.0780469702331796,176,1
"crowd",3.0780469702331796,352,2
"looked",3.0809645502997522,1055,6
"town",3.084863271654133,3161,18
"luck",3.086816334820739,351,2
"harris",3.095635810063084,175,1
"brick",3.095635810063084,175,1
"sailing",3.095635810063084,175,1
"coat",3.095635810063084,175,1
"london",3.0985868451537066,1049,6
"taste",3.1000644735967935,699,4
"honest",3.1045058267108288,349,2
"composed",3.1045058267108288,349,2
"brown",3.106285933262842,872,5
"filled",3.1074738055126563,523,3
"falling",3.113426820465745,348,2
"bold",3.113426820465745,174,1
"jungle",3.1314235072892465,173,1
"drunk",3.1314235072892465,173,1
"pine",3.1496294579130213,172,1
"ralph",3.1496294579130213,172,1
"seldom",3.1496294579130213,172,1
"hand",3.1574969752933204,2402,14
"gather",3.168048343631811,171,1
"kelly",3.168048343631811,171,1
"passed",3.190437377862424,849,5
"stroll",3.205540040006152,169,1
"wallace",3.205540040006152,169,1
"spend",3.2112404668704184,1687,10
"guest",3.224620635482379,168,1
"winds",3.224620635482379,168,1
"producer",3.224620635482379,168,1
"dances",3.24392974108407,167,1
"ten",3.247170430136102,2002,12
"sympathy",3.2634714865122874,166,1
"1968",3.2634714865122874,166,1
"fly",3.2898963568484194,494,3
"ideal",3.303269919274632,492,3
"soft",3.309997556584764,491,3
"roof",3.3133716621470315,327,2
"dying",3.3133716621470315,327,2
"together",3.329208877329708,2929,18
"told",3.3349017789667283,2924,18
"warm",3.350945979965194,485,3
"nobody",3.352328383422275,808,5
"reach",3.3823284084976466,961,6
"suits",3.385851667256498,320,2
"scheme",3.3964656223262675,319,2
"trail",3.3964656223262675,319,2
"connecticut",3.4071463318304382,159,1
"boss",3.4287105491205043,316,2
"mob",3.4287105491205043,158,1
"feeling",3.4330561898671714,789,5
"days",3.437412860158881,4728,30
"eggs",3.4395953445145375,315,2
"outer",3.4395953445145375,315,2
"freeze",3.450549469815539,157,1
"recordings",3.450549469815539,157,1
"ends",3.4549506808739774,784,5
"fields",3.465263966488527,469,3
"gonna",3.4698880176848017,1249,8
"proves",3.4726683766733313,156,1
"promise",3.4726683766733313,468,3
"folks",3.4726683766733313,468,3
"heard",3.487038038921635,2175,14
"ask",3.4905687291304104,1552,10
"you",3.503201767330389,113506,734
"motion",3.517767965980777,308,2
"breath",3.517767965980777,154,1
"strange",3.517767965980777,616,4
"walk",3.523487913892941,1230,8
"face",3.536557231080971,1685,11
"nelson",3.5407599134708474,153,1
"innocent",3.5407599134708474,306,2
"thoughts",3.5523689623674732,305,2
"strongest",3.5640543865857874,152,1
"speeches",3.5640543865857874,152,1
"memory",3.568750110415281,759,5
"wonder",3.574131825944654,1061,7
"1977",3.5876573957684745,151,1
"window",3.593607076358472,603,4
"throne",3.6115751117402644,150,1
"exquisite",3.6115751117402644,150,1
"scott",3.6236539582678238,299,2
"broke",3.627698214917676,448,3
"sisters",3.635813870879461,298,2
"featured",3.635813870879461,149,1
"flowers",3.635813870879461,596,4
"tips",3.635813870879461,149,1
"wanna",3.635813870879461,447,3
"mountain",3.6419244824271577,595,4
"man",3.6476007986404166,4010,27
"drama",3.6480556684245093,297,2
"handy",3.660380180817836,148,1
"enemy",3.660380180817836,296,2
"sugar",3.6727882492273873,295,2
"louis",3.685280726265576,588,4
"incidentally",3.685280726265576,147,1
"sin",3.7105223750756138,146,1
"rhythms",3.7105223750756138,146,1
"winter",3.7147629720757007,875,6
"clock",3.7168869074513875,583,4
"hair",3.731822733141491,871,6
"tragic",3.7361121845588947,145,1
"suddenly",3.7620574080627756,432,3
"store",3.7839552975159934,859,6
"tear",3.788365501825452,143,1
"encounters",3.788365501825452,143,1
"fault",3.8016580123581734,285,2
"monkeys",3.8150441321199975,142,1
"academy",3.8150441321199975,284,2
"oscar",3.8150441321199975,142,1
"fair",3.8421011827024087,987,7
"ward",3.842101182702409,141,1
"convenient",3.842101182702409,282,2
"breaks",3.855774140647969,281,2
"shore",3.855774140647969,281,2
"true",3.8668718097149966,4343,31
"treasure",3.869544762578855,140,1
"sunset",3.869544762578855,140,1
"unprecedented",3.869544762578855,140,1
"somehow",3.869544762578855,560,4
"met",3.869544762578855,1120,8
"letters",3.873497310855238,979,7
"begun",3.878779952943005,419,3
"climb",3.883414098645446,279,2
"menu",3.8973832141081988,139,1
"fortune",3.911453189610395,277,2
"big",3.911453189610395,5540,40
"lincoln",3.911453189610395,277,2
"object",3.916165783814745,415,3
"hurt",3.932749667956731,551,4
"glenn",3.9542793194236476,137,1
"rising",3.9542793194236476,411,3
"shell",3.9542793194236476,137,1
"lock",3.9833549026547033,136,1
"miller",3.9931420154376394,407,3
"elite",3.9980536292327655,271,2
"jane",4.012861235266961,270,2
"street",4.025982957498809,3364,25
"awhile",4.042807960903281,134,1
"grateful",4.042807960903281,134,1
"christopher",4.0732050132409,266,2
"stairs",4.0732050132409,133,1
"bugs",4.0732050132409,133,1
"near",4.0753937316789655,1861,14
"river",4.086862029211532,1193,9
"invitation",4.104062626977573,132,1
"digest",4.104062626977573,132,1
"hit",4.114452658944605,1185,9
"howard",4.119667427840606,263,2
"call",4.134177556732325,3407,26
"wide",4.135391349320913,1048,8
"forever",4.145940817048773,392,3
"holiday",4.156544246248386,391,3
"someone",4.179045500795677,2463,19
"con",4.199505943884029,129,1
"crown",4.199505943884029,258,2
"version",4.223316041368842,1411,11
"chairs",4.232314584070623,128,1
"fleet",4.232314584070623,128,1
"climbing",4.232314584070623,128,1
"above",4.244750376188362,3063,24
"journey",4.248911896165017,255,2
"miss",4.260049279903327,763,6
"sadly",4.265639895756218,127,1
"holds",4.265639895756218,508,4
"paris",4.2723680343930575,634,5
"lie",4.2723680343930575,634,5
"sea",4.299494180643173,1134,9
"light",4.301932918125102,1763,14
"deny",4.316623639530197,251,2
"wolfe",4.333890134088318,125,1
"magical",4.3688408609761265,124,1
"voices",4.3688408609761265,124,1
"glance",4.3688408609761265,124,1
"saw",4.404359892366176,1722,14
"flash",4.404359892366176,123,1
"waited",4.404359892366176,123,1
"monte",4.404359892366176,123,1
"1967",4.404359892366176,123,1
"mile",4.404359892366177,369,3
"jones",4.414614513768659,859,7
"old",4.419585140887906,7232,59
"garden",4.434403274988046,733,6
"seasons",4.440461202959342,122,1
"sarah",4.47715922943008,121,1
"pale",4.47715922943008,121,1
"weigh",4.47715922943008,121,1
"mighty",4.47715922943008,121,1
"come",4.485217471383698,5556,46
"leaving",4.489527072605301,724,6
"mill",4.514468889675331,120,1
"pond",4.514468889675331,120,1
"oak",4.514468889675331,120,1
"seemed",4.514468889675331,1080,9
"never",4.51771437413951,6955,58
"bear",4.542861775773917,477,4
"hungry",4.552405603033947,119,1
"heat",4.584510014903016,709,6
"strike",4.590985311534235,472,4
"sensation",4.590985311534235,118,1
"laughing",4.590985311534235,118,1
"norman",4.6105214192428905,235,2
"returning",4.630224502231108,234,2
"bad",4.634322046038393,3390,29
"stay",4.63588492338298,1636,14
"everything",4.637302191779001,3271,28
"album",4.6701402306986175,232,2
"trains",4.6701402306986175,116,1
"drift",4.6701402306986175,116,1
"hits",4.69713526093387,346,3
"say",4.699224733914712,8992,78
"sons",4.710750145748172,230,2
"tropical",4.710750145748172,230,2
"kemp",4.710750145748172,115,1
"legs",4.710750145748172,230,2
"deserve",4.752072515447717,228,2
"listen",4.758034965278893,797,7
"martin",4.783543194357966,453,4
"livingston",4.7941262545224745,113,1
"meant",4.794126254522475,791,7
"friends",4.80663702241006,1916,17
"spice",4.836930953223568,112,1
"foolish",4.836930953223568,112,1
"evening",4.851369553083938,670,6
"ever",4.911948970870796,4191,38
"affair",4.924875152373088,550,5
"angels",4.9248751523730885,110,1
"beatles",4.9248751523730885,110,1
"1965",4.9248751523730885,110,1
"funny",4.951885436572574,1094,10
"faithful",4.970057493220548,109,1
"hello",5.0160765440837,216,2
"penny",5.0160765440837,108,1
"keep",5.02357890206169,3343,31
"april",5.034723668782896,1076,10
"brought",5.03760476959479,1398,13
"queen",5.039407132660834,430,4
"side",5.048974526250628,2897,27
"beam",5.062955764121867,107,1
"leave",5.073115541574953,1495,14
"break",5.08672550949333,852,8
"plea",5.159393016771806,105,1
"dressed",5.159393016771806,210,2
"memories",5.184079107761145,209,2
"shocking",5.209002565009997,104,1
"flies",5.234166828609079,207,2
"mad",5.242609033171352,310,3
"wilson",5.259575405446987,206,2
"inn",5.259575405446987,103,1
"trees",5.259575405446987,1030,10
"dick",5.259575405446988,309,3
"ranch",5.311139870206271,102,1
"colorado",5.3373031207984205,406,4
"wound",5.346081579878682,304,3
"am",5.360065416605305,2931,29
"proud",5.36372541347564,303,3
"herbert",5.36372541347564,101,1
"written",5.424142846168107,1598,16
"powell",5.444585595588339,199,2
"tale",5.453720806319192,298,3
"tony",5.472083502636765,396,4
"winding",5.472083502636765,99,1
"yankees",5.472083502636765,99,1
"buttons",5.472083502636765,99,1
"nick",5.472083502636765,99,1
"campbell",5.472083502636765,99,1
"peaceful",5.527921089398364,196,2
"instantly",5.527921089398364,98,1
"sand",5.5420589949978485,391,4
"everywhere",5.573418382315222,486,5
"day",5.583414876268244,7471,77
"branches",5.584909966608657,194,2
"overhead",5.584909966608657,97,1
"clouds",5.584909966608657,97,1
"choir",5.584909966608657,97,1
"stranger",5.584909966608657,97,1
"little",5.5930694727447365,10267,106
"crossed",5.6138473239485975,193,2
"cuba",5.623559862571346,289,3
"dollar",5.635747898684418,769,8
"1948",5.6430861120941636,96,1
"joe",5.654867085188306,479,5
"stream",5.662748433042227,287,3
"june",5.6726310655606245,1337,14
"star",5.677585328499979,1145,12
"yellow",5.70248701853726,380,4
"wonderful",5.716372944718763,1232,13
"neil",5.763151774053614,94,1
"roommate",5.763151774053614,94,1
"swing",5.763151774053614,188,2
"cute",5.804317143868283,280,3
"ira",5.825121147968169,186,2
"sink",5.825121147968169,93,1
"scream",5.825121147968169,93,1
"prove",5.8251211479681695,558,6
"leaves",5.834082872811196,650,7
"brothers",5.872479856488235,369,4
"smith",5.8777895127780075,553,6
"broadway",5.888437682185214,184,2
"pipe",5.888437682185214,92,1
"pride",5.888437682185214,276,3
"crush",5.888437682185214,92,1
"sincerely",5.9098501828477055,275,3
"solve",5.9098501828477055,275,3
"announcing",5.953145788582853,91,1
"booming",5.953145788582853,91,1
"shelter",5.9860360968070685,181,2
"planned",5.997080443849148,542,6
"let",6.013481725629301,4144,46
"bring",6.015114689921329,1441,16
"canvas",6.019291852900441,90,1
"gentle",6.019291852900441,180,2
"noon",6.019291852900441,270,3
"shadow",6.019291852900441,180,2
"gods",6.019291852900441,180,2
"youth",6.059689784799102,447,5
"hudson",6.08692434562966,89,1
"rolled",6.08692434562966,89,1
"swift",6.08692434562966,89,1
"spike",6.08692434562966,89,1
"1958",6.08692434562966,89,1
"rose",6.100633634696393,444,5
"lean",6.156093940466359,176,2
"vendor",6.156093940466359,88,1
"featuring",6.156093940466359,176,2
"1949",6.156093940466359,88,1
"ear",6.15609394046636,264,3
"why",6.1696974116929555,5883,67
"reveal",6.184203958459356,438,5
"scattered",6.191271620126168,175,2
"ladies",6.22685364093149,174,2
"away",6.295772884328629,3614,42
"blend",6.299258915826043,86,1
"bust",6.299258915826043,86,1
"robertson",6.299258915826043,86,1
"again",6.305924798276652,3780,44
"coffee",6.328694705152333,428,5
"sam",6.358406886866662,426,5
"mama",6.373367844247525,85,1
"lighter",6.373367844247525,85,1
"gerald",6.373367844247525,85,1
"1962",6.373367844247525,85,1
"taught",6.373367844247526,425,5
"calling",6.395941756328686,847,10
"driving",6.40686780663516,761,9
"belong",6.4301040565108565,337,4
"touch",6.436470496170768,505,6
"sins",6.449241270964758,84,1
"poets",6.449241270964758,84,1
"jackets",6.449241270964758,84,1
"frank",6.449241270964759,504,6
"walked",6.449241270964759,252,3
"band",6.457783312383254,755,9
"tell",6.462062824187352,3018,36
"sheet",6.48785948216814,167,2
"bowl",6.500835201132476,250,3
"woods",6.500835201132476,250,3
"luther",6.526942973024575,83,1
"glory",6.526942973024575,166,2
"phrase",6.549488544606698,579,7
"your",6.557162300236144,15119,183
"freshly",6.606539838549264,82,1
"pledged",6.606539838549264,82,1
"gold",6.642542780448715,734,9
"lady",6.657281311963621,651,8
"echo",6.688102058778267,81,1
"lucas",6.688102058778267,81,1
"depart",6.688102058778267,81,1
"knocked",6.688102058778267,81,1
"outdoors",6.688102058778267,81,1
"sight",6.738013268172135,402,5
"smoke",6.738013268172135,402,5
"grab",6.771703334512996,160,2
"along",6.78091653632866,3675,46
"hung",6.8142926636608765,159,2
"delight",6.8142926636608765,159,2
"stevens",6.857421098241009,79,1
"nest",6.857421098241009,79,1
"alone",6.869278310514624,1735,22
"stein",6.901098939631078,157,2
"mystery",6.92314717905482,313,4
"needing",6.945336753346663,78,1
"tire",6.945336753346663,78,1
"tomorrow",6.945336753346663,312,4
"1940",6.945336753346663,78,1
"blow",6.990145377561802,310,4
"guilty",6.99659385115734,542,7
"stand",7.007533798899021,1005,13
"pretend",7.035535931961554,154,2
"diamonds",7.035535931961554,77,1
"cents",7.035535931961554,308,4
"bailey",7.035535931961554,77,1
"1929",7.035535931961554,77,1
"forget",7.101411736567936,534,7
"worries",7.128108773171575,152,2
"hey",7.128108773171575,532,7
"transferring",7.128108773171575,76,1
"1961",7.128108773171575,76,1
"possess",7.128108773171576,228,3
"january",7.153780233339059,833,11
"gay",7.211131670696036,601,8
"laughs",7.223150223480529,75,1
"sang",7.223150223480529,75,1
"wise",7.223150223480529,300,4
"fill",7.264662581086739,522,7
"purple",7.271627741758922,149,2
"walter",7.287931839834615,223,3
"girl",7.313700804874211,1037,14
"steal",7.320760361635672,148,2
"slaves",7.3207603616356725,222,3
"guy",7.390233769575274,1686,23
"feet",7.400768671598903,732,10
"daring",7.4210447501512276,73,1
"pity",7.4210447501512276,73,1
"addicted",7.4210447501512276,73,1
"buckley",7.4210447501512276,73,1
"jay",7.524114816125551,144,2
"meter",7.524114816125551,72,1
"anatomy",7.630088264239995,71,1
"faded",7.630088264239995,71,1
"1936",7.630088264239995,71,1
"ceiling",7.711548281295938,281,4
"wicked",7.73908952515771,70,1
"martial",7.73908952515771,70,1
"implicitly",7.73908952515771,70,1
"neighbor",7.761264566777072,349,5
"hold",7.7699225511543535,1255,18
"la",7.8041238909153385,1666,24
"applaud",7.8512502429136175,69,1
"bananas",7.8512502429136175,69,1
"busy",7.937527718110471,546,8
"stately",7.9667098053094065,68,1
"beneath",7.9667098053094065,272,4
"carpets",7.9667098053094065,68,1
"connor",7.9667098053094065,68,1
"jimmy",7.9667098053094065,136,2
"snow",7.9667098053094065,476,7
"bare",7.9667098053094065,136,2
"teddy",7.9667098053094065,68,1
"bankrupt",7.9667098053094065,68,1
"umbrella",7.9667098053094065,68,1
"crazy",7.9667098053094065,544,8
"lining",7.9667098053094065,136,2
"knew",8.056984137380901,1412,21
"morton",8.085615921806562,67,1
"born",8.085615921806562,871,13
"cab",8.085615921806562,67,1
"radios",8.085615921806562,67,1
"dell",8.085615921806562,67,1
"pioneer",8.085615921806562,67,1
"boulevard",8.126044001415595,200,3
"lane",8.146410026481801,399,6
"duke",8.166878393382508,199,3
"landlord",8.208125253955146,66,1
"brightly",8.208125253955146,66,1
"weeds",8.208125253955146,66,1
"resist",8.249790864381316,197,3
"seed",8.291881634097546,196,3
"burton",8.334404104015995,130,2
"carlo",8.334404104015995,65,1
"reminding",8.334404104015995,65,1
"teresa",8.334404104015995,65,1
"sounding",8.334404104015995,65,1
"meets",8.377364949912986,194,3
"repeat",8.438259606869776,642,10
"shelley",8.464629168141245,64,1
"locked",8.464629168141245,192,3
"mansion",8.464629168141245,128,2
"tricky",8.464629168141245,64,1
"prayer",8.464629168141245,192,3
"fall",8.51299847767348,1400,22
"meet",8.528593620293446,1588,25
"rulers",8.531279791512436,127,2
"edward",8.531279791512436,254,4
"chick",8.598988361286345,63,1
"rockefeller",8.598988361286345,126,2
"cabin",8.598988361286345,126,2
"theme",8.618531516652904,440,7
"arthur",8.626373674538847,314,5
"recording",8.653933973818525,313,5
"rogers",8.667780268176635,125,2
"destiny",8.737681721952253,62,1
"chin",8.737681721952253,62,1
"glimpse",8.737681721952253,124,2
"supper",8.737681721952253,62,1
"bricks",8.737681721952253,62,1
"mccartney",8.737681721952253,62,1
"gilbert",8.737681721952253,62,1
"film",8.754797650888497,2042,33
"discover",8.765959009078312,309,5
"hands",8.808719784732352,861,14
"imagination",8.844673743037383,245,4
"door",8.844673743037383,980,16
"phony",8.880922405918684,61,1
"surround",8.880922405918684,61,1
"thrilled",8.880922405918684,61,1
"dark",8.892135691784743,792,13
"cup",8.917469411704356,243,4
"gregory",9.028937779350661,60,1
"bright",9.072138438582005,418,7
"ocean",9.104811206067893,357,6
"dare",9.104811206067893,119,2
"passion",9.130386518444489,178,3
"myers",9.18197062306847,59,1
"pierre",9.18197062306847,59,1
"shattered",9.18197062306847,59,1
"fried",9.18197062306847,118,2
"dove",9.18197062306847,59,1
"tide",9.18197062306847,118,2
"tossed",9.18197062306847,59,1
"deep",9.18197062306847,885,15
"tearing",9.18197062306847,59,1
"chance",9.188741987834744,1356,23
"magic",9.244646190461427,293,5
"desert",9.260449004462217,351,6
"charm",9.286907430189252,175,3
"silly",9.340280461397235,232,4
"darn",9.340280461397235,58,1
"1953",9.340280461397235,58,1
"sway",9.340280461397235,58,1
"ending",9.367197696156307,347,6
"my",9.475336333386473,24413,427
"nora",9.504145030895433,57,1
"joan",9.504145030895433,114,2
"perry",9.504145030895433,57,1
"stare",9.504145030895433,57,1
"fools",9.504145030895433,57,1
"ingredient",9.504145030895433,57,1
"hometown",9.504145030895433,57,1
"ferguson",9.504145030895433,57,1
"1964",9.504145030895433,114,2
"cigarettes",9.546013511207747,227,4
"pigs",9.673861906447137,112,2
"lending",9.673861906447137,56,1
"snap",9.673861906447137,112,2
"crowns",9.673861906447137,56,1
"hoover",9.673861906447137,56,1
"flown",9.673861906447137,56,1
"bore",9.761013815514229,111,2
"grief",9.761013815514229,111,2
"keeps",9.81011348259428,497,9
"jenkins",9.849750304746177,55,1
"drill",9.849750304746177,55,1
"woes",9.849750304746177,55,1
"commanders",9.849750304746177,55,1
"wrapped",9.849750304746177,110,2
"berlin",9.885698298559118,274,5
"laugh",9.89472633353497,219,4
"birds",9.901185032186104,383,7
"waters",9.917368727890887,437,8
"roll",9.953159756764508,381,7
"pairing",10.0321530881674,54,1
"invitations",10.0321530881674,54,1
"reynolds",10.0321530881674,54,1
"strolling",10.0321530881674,54,1
"glorious",10.0321530881674,108,2
"hoping",10.063212385653989,323,6
"pretending",10.125911528243734,107,2
"1950",10.125911528243734,107,2
"swinging",10.221438995491315,53,1
"jackie",10.221438995491315,106,2
"honeymoon",10.221438995491315,53,1
"bury",10.221438995491315,53,1
"childish",10.221438995491315,53,1
"1945",10.221438995491315,106,2
"1963",10.221438995491315,106,2
"sleep",10.24906450628994,740,14
"silver",10.24906450628994,370,7
"jack",10.279625555237944,527,10
"paul",10.294275852941372,842,16
"blew",10.318786033543612,105,2
"lord",10.318786033543612,420,8
"broken",10.329716950952028,472,9
"misery",10.418005130019994,52,1
"gotta",10.418005130019994,52,1
"curtain",10.418005130019994,52,1
"mister",10.418005130019994,52,1
"spite",10.418005130019996,156,3
"sun",10.498764859710072,774,15
"brewer",10.622279740412543,51,1
"flying",10.622279740412543,306,6
"trousers",10.622279740412543,51,1
"gypsy",10.622279740412543,51,1
"im",10.622279740412543,51,1
"haze",10.622279740412543,51,1
"1917",10.622279740412543,51,1
"striving",10.622279740412543,51,1
"fate",10.692163159757364,304,6
"corn",10.692163159757364,152,3
"nights",10.762972187305424,302,6
"lovers",10.762972187305424,151,3
"flew",10.762972187305424,151,3
"flower",10.791559098825491,251,5
"deserted",10.834725335220794,50,1
"guessing",10.834725335220794,50,1
"cotton",10.834725335220794,200,4
"tame",10.834725335220794,50,1
"songs",10.896993871630109,348,7
"heading",10.922102152440315,248,5
"tired",10.928397312182357,347,7
"ink",10.94416700527353,99,2
"gone",10.960942245931522,1631,33
"chase",10.981140542453508,148,3
"dance",10.981140542453508,592,12
"souvenir",11.055842178796729,98,2
"toes",11.055842178796729,49,1
"trumpet",11.055842178796729,49,1
"cheek",11.055842178796729,49,1
"congratulations",11.055842178796729,49,1
"dough",11.055842178796729,49,1
"1935",11.055842178796729,49,1
"rain",11.131567125226843,584,12
"garland",11.169819933217314,97,2
"dubbed",11.169819933217314,97,2
"2nd",11.286172224188327,48,1
"haunting",11.286172224188327,48,1
"unspoiled",11.286172224188327,48,1
"loyal",11.286172224188327,144,3
"strung",11.286172224188327,48,1
"abe",11.286172224188327,48,1
"1927",11.286172224188327,48,1
"breathe",11.286172224188327,48,1
"gray",11.353754093794246,334,7
"tricks",11.40497403707452,95,2
"smiling",11.40497403707452,95,2
"habit",11.429035163735014,237,5
"apart",11.481886193393905,519,11
"broadcasters",11.526303548107228,47,1
"rip",11.526303548107228,47,1
"regrets",11.526303548107228,47,1
"shades",11.526303548107228,47,1
"confess",11.526303548107228,94,2
"backup",11.526303548107228,47,1
"1928",11.526303548107228,47,1
"hear",11.575561255577771,1638,35
"tonight",11.59680081751461,327,7
"sad",11.661641750237644,511,11
"versions",11.668165745622392,325,7
"cardboard",11.776875364370428,46,1
"crying",11.776875364370428,138,3
"mitchell",11.776875364370428,138,3
"bliss",11.776875364370428,46,1
"secluded",11.776875364370428,46,1
"fearful",11.776875364370428,46,1
"dat",11.776875364370428,46,1
"seymour",11.776875364370428,46,1
"jade",11.776875364370428,46,1
"wares",11.776875364370428,46,1
"please",11.848999710433938,1143,25
"words",11.861698724816772,3471,76
"wave",11.873671600241964,365,8
"starring",11.906291577165707,91,2
"lies",11.95006470796411,680,15
"ring",12.011890615544116,451,10
"wireless",12.038583705800882,45,1
"stumbled",12.038583705800882,45,1
"muddy",12.038583705800882,45,1
"regret",12.038583705800882,135,3
"burke",12.038583705800882,45,1
"glad",12.072117365148516,359,8
"fell",12.163335868555295,579,13
"grande",12.17384869125932,89,2
"bubble",12.17384869125932,89,2
"touches",12.17384869125932,89,2
"pardon",12.17384869125932,178,4
"hurry",12.17384869125932,89,2
"lewis",12.189066002123392,400,9
"wheel",12.312187880932719,176,4
"meadows",12.312187880932719,44,1
"thunder",12.312187880932719,44,1
"arcade",12.312187880932719,44,1
"anticipating",12.312187880932719,44,1
"stray",12.312187880932719,44,1
"tracy",12.312187880932719,44,1
"tune",12.382543240252335,175,4
"eighties",12.45370728186298,87,2
"spark",12.45370728186298,87,2
"accent",12.45370728186298,174,4
"fifties",12.45370728186298,87,2
"schwartz",12.45370728186298,87,2
"noble",12.482402459931789,217,5
"pleading",12.598517831652085,43,1
"smiles",12.598517831652085,43,1
"raymond",12.598517831652085,43,1
"lingering",12.598517831652085,43,1
"weeping",12.598517831652085,43,1
"mgm",12.598517831652085,43,1
"beside",12.657389410304665,214,5
"devil",12.672193374527245,171,4
"victor",12.696943752211867,128,3
"avenue",12.74673568849505,340,8
"heartbeat",12.898482541929516,42,1
"lime",12.898482541929516,42,1
"clinging",12.898482541929516,42,1
"baron",12.898482541929516,42,1
"candy",12.898482541929516,84,2
"newman",12.898482541929516,42,1
"hart",12.898482541929516,84,2
"1910",12.898482541929516,42,1
"edgar",12.898482541929516,84,2
"fading",12.898482541929516,42,1
"intuition",12.898482541929516,42,1
"dies",12.898482541929518,126,3
"midnight",12.898482541929518,126,3
"lights",13.001670402264953,250,6
"horn",13.10652258292838,124,3
"dust",13.133000406328234,165,4
"soldier",13.133000406328234,165,4
"conceive",13.213079677098529,41,1
"vines",13.213079677098529,41,1
"parish",13.213079677098529,82,2
"marion",13.213079677098529,82,2
"lured",13.213079677098529,41,1
"mine",13.22652126374868,983,24
"charts",13.321383608878026,122,3
"vincent",13.376204117556535,81,2
"1956",13.376204117556535,81,2
"morgan",13.43147768829024,121,3
"1960",13.45928613070906,161,4
"overlooks",13.543406669025993,40,1
"nighttime",13.543406669025993,40,1
"cured",13.543406669025993,40,1
"threw",13.628585327321753,159,4
"mills",13.65721680910184,119,3
"hoffman",13.714842196482017,79,2
"drink",13.808963662536307,510,13
"flute",13.890673506693325,39,1
"chimney",13.890673506693325,39,1
"wandered",13.890673506693325,39,1
"chilly",13.890673506693325,39,1
"soaring",13.890673506693325,78,2
"shaw",14.010420692095854,116,3
"instrumental",14.071071863923107,77,2
"sexy",14.071071863923107,77,2
"illusion",14.071071863923107,77,2
"ghost",14.16303965388339,153,4
"grey",14.25621754634315,76,2
"rocking",14.25621754634315,38,1
"dreary",14.25621754634315,38,1
"marilyn",14.25621754634315,76,2
"loudly",14.25621754634315,38,1
"flashing",14.25621754634315,38,1
"pearls",14.25621754634315,38,1
"delta",14.25621754634315,190,5
"pray",14.256217546343152,114,3
"wander",14.382378763567425,113,3
"composer",14.446300446961057,75,2
"baby",14.461132377604756,974,26
"johnny",14.543255483517845,149,4
"cole",14.543255483517845,149,4
"waiting",14.59511336757159,631,17
"janice",14.641520723271343,37,1
"ba",14.641520723271343,37,1
"helen",14.641520723271343,74,2
"buddy",14.774625457119265,110,3
"sentimental",14.842089500302455,73,2
"glamour",14.842089500302455,73,2
"anytime",14.842089500302455,146,4
"1944",14.842089500302455,73,2
"gee",14.98875046374418,253,7
"templeton",15.048229632251102,36,1
"glee",15.048229632251102,36,1
"sap",15.048229632251102,36,1
"obscured",15.048229632251102,36,1
"emotion",15.048229632251102,108,3
"perkins",15.048229632251102,36,1
"queer",15.048229632251102,36,1
"coleman",15.048229632251102,36,1
"schemes",15.048229632251102,108,3
"robbed",15.048229632251102,36,1
"lana",15.048229632251102,36,1
"sale",15.080452822041789,467,13
"dear",15.160529853387304,1608,45
"borrow",15.1888672923656,107,3
"autumn",15.1888672923656,107,3
"buffalo",15.217310864074149,178,5
"underneath",15.26017652847999,142,4
"folded",15.26017652847999,71,2
"beck",15.26017652847999,71,2
"judy",15.26017652847999,71,2
"sunrise",15.47817905031542,35,1
"liz",15.47817905031542,35,1
"forgiving",15.47817905031542,35,1
"wayne",15.47817905031542,105,3
"affection",15.627007695029992,104,3
"fool",15.657117536446233,173,5
"sinatra",15.702500485827235,138,4
"inspiration",15.81711727769459,137,4
"embrace",15.840241718159055,171,5
"ballad",15.933419610618813,34,1
"cradle",15.933419610618813,34,1
"conceal",15.933419610618813,68,2
"float",15.933419610618813,68,2
"waterfront",15.933419610618813,136,4
"pounding",15.933419610618813,34,1
"1939",15.933419610618813,68,2
"string",15.933419610618815,204,6
"spring",15.997581031869625,745,22
"boots",16.091176240426922,101,3
"photographers",16.171231843613125,67,2
"spell",16.2928200529636,133,4
"chart",16.317357432561437,166,5
"singing",16.333756786765015,199,6
"nutty",16.41625050791029,33,1
"hannah",16.41625050791029,33,1
"discreet",16.41625050791029,33,1
"gaze",16.41625050791029,66,2
"waving",16.41625050791029,33,1
"aiming",16.41625050791029,33,1
"blossoms",16.41625050791029,33,1
"earl",16.416250507910295,99,3
"tight",16.54156539728365,262,8
"beat",16.593723486374188,555,17
"raining",16.75472989982597,97,3
"ben",16.77944189082866,226,7
"rang",16.92925833628249,32,1
"frances",16.92925833628249,32,1
"pitiful",16.92925833628249,32,1
"inclination",16.92925833628249,32,1
"eternity",16.92925833628249,32,1
"bo",16.92925833628249,32,1
"pasture",16.92925833628249,32,1
"verses",16.92925833628249,32,1
"thermometer",16.92925833628249,32,1
"1946",16.92925833628249,64,2
"music",17.14813862685413,2243,71
"thrilling",17.19797672257269,63,2
"planted",17.19797672257269,126,4
"freed",17.19797672257269,63,2
"fashioned",17.19797672257269,63,2
"goodman",17.19797672257269,63,2
"hood",17.33556053635327,125,4
"railroad",17.33556053635327,125,4
"louisiana",17.363341883366655,156,5
"me",17.364180894813064,12417,398
"blame",17.400522486971294,467,15
"shabby",17.475363443904506,31,1
"drifting",17.475363443904506,31,1
"clown",17.475363443904506,31,1
"jupiter",17.475363443904506,31,1
"prayed",17.475363443904506,31,1
"wreck",17.475363443904506,62,2
"laughed",17.475363443904506,93,3
"swan",17.475363443904506,31,1
"introduced",17.9761657145443,663,22
"wake",18.057875558701323,270,9
"allan",18.057875558701323,30,1
"gordon",18.057875558701323,120,4
"strangest",18.057875558701323,30,1
"ethyl",18.057875558701323,30,1
"levinson",18.057875558701323,30,1
"georgia",18.240278342122547,297,10
"dorothy",18.46828182139908,88,3
"night",18.578993673946155,2391,82
"parentheses",18.68056092279447,29,1
"whispered",18.68056092279447,29,1
"mellow",18.68056092279447,29,1
"hal",18.68056092279447,29,1
"jacques",18.68056092279447,58,2
"1942",18.68056092279447,58,2
"spare",18.680560922794474,174,6
"dreamed",19.008290061790866,57,2
"peaked",19.008290061790866,57,2
"brigade",19.347723812894273,28,1
"petals",19.347723812894273,28,1
"woe",19.347723812894273,28,1
"freshmen",19.347723812894273,28,1
"dixon",19.347723812894273,28,1
"grafton",19.347723812894273,28,1
"behold",19.347723812894273,28,1
"shade",19.522027631028458,111,4
"till",19.562698521926432,360,13
"scent",19.699500609492354,55,2
"soul",19.727090946480438,357,13
"happy",19.880229972882187,981,36
"fiddle",20.0643061763348,27,1
"ultra",20.0643061763348,27,1
"burt",20.0643061763348,27,1
"sleeper",20.0643061763348,27,1
"jo",20.0643061763348,27,1
"1938",20.0643061763348,54,2
"recorded",20.304957524776597,667,25
"drums",20.44287799098263,53,2
"hug",20.44287799098263,53,2
"macdonald",20.44287799098263,53,2
"alabama",20.48582521365276,238,9
"awry",20.836010260039988,26,1
"danced",20.836010260039988,26,1
"conrad",20.836010260039988,26,1
"1st",20.836010260039988,26,1
"bayes",20.836010260039988,26,1
"natalie",20.836010260039988,26,1
"laughter",20.83601026003999,78,3
"repeating",20.83601026003999,78,3
"divine",21.038301621787948,103,4
"blows",21.106607795884663,77,3
"1947",21.106607795884663,77,3
"rosy",21.244559480825085,51,2
"shower",21.328199478781087,127,5
"ray",21.349212483193682,203,8
"cares",21.54632879163226,176,7
"kerry",21.669450670441588,25,1
"adored",21.669450670441588,25,1
"hay",21.669450670441588,75,3
"trumpets",21.669450670441588,25,1
"perfume",21.669450670441588,50,2
"devotion",21.669450670441588,75,3
"downey",21.669450670441588,25,1
"tempo",21.669450670441588,25,1
"1904",21.669450670441588,25,1
"musical",21.731540786975803,349,14
"boswell",22.111684357593457,49,2
"holder",22.111684357593457,49,2
"hammer",22.263134250453685,73,3
"fond",22.339639866434627,97,4
"stocking",22.572344448376654,24,1
"blinding",22.572344448376654,24,1
"faults",22.572344448376654,48,2
"ecstasy",22.572344448376654,24,1
"ashes",22.572344448376654,48,2
"como",22.572344448376654,24,1
"sporty",22.572344448376654,24,1
"horton",22.572344448376654,48,2
"eddie",22.572344448376654,48,2
"bye",23.151122511155542,468,20
"hide",23.217268575473128,210,9
"yours",23.238016804763095,373,16
"silent",23.440511542544986,208,9
"chill",23.553750728740855,46,2
"patty",23.553750728740855,23,1
"elliot",23.553750728740855,46,2
"saddle",23.553750728740855,23,1
"kaye",23.553750728740855,23,1
"shines",23.553750728740855,23,1
"swear",23.553750728740855,69,3
"comb",23.553750728740855,23,1
"branded",23.553750728740855,23,1
"trent",23.553750728740855,161,7
"arms",23.73164914814222,662,29
"glen",24.077167411601764,45,2
"canadians",24.077167411601764,45,2
"girlfriend",24.13676436064038,202,9
"stocked",24.624375761865437,44,2
"deride",24.624375761865437,22,1
"hammerstein",24.624375761865437,22,1
"barefoot",24.624375761865437,22,1
"loneliness",24.624375761865437,22,1
"dreamy",24.624375761865437,22,1
"commodore",24.624375761865437,22,1
"redeeming",24.624375761865437,22,1
"randolph",24.624375761865437,22,1
"nowhere",24.62437576186544,220,10
"kate",24.812348095925483,131,6
"madness",24.90741456372596,87,4
"underworld",25.19703566330417,43,2
"ooh",25.25041921343829,236,11
"blossom",25.796965083859032,21,1
"drum",25.796965083859032,84,4
"vets",25.796965083859032,21,1
"pines",25.796965083859032,42,2
"cherish",25.796965083859032,21,1
"doorstep",25.796965083859032,21,1
"remnant",25.796965083859032,21,1
"berries",25.796965083859032,21,1
"slid",25.796965083859032,21,1
"sings",25.796965083859035,63,3
"toast",25.796965083859035,63,3
"dawn",26.072868453739876,187,9
"darkness",26.21304516585676,124,6
"herb",26.21304516585676,62,3
"paradise",26.21304516585676,186,9
"1941",26.21304516585676,62,3
"honey",26.26600081265647,165,8
"tommy",26.426159354197058,82,4
"harold",26.426159354197058,123,6
"bend",26.555699351031354,102,5
"1957",26.642767217756052,61,3
"cry",26.730407899393406,304,15
"wrap",26.75240823511307,81,4
"blanket",26.75240823511307,81,4
"joy",26.8186270673782,202,10
"wooing",27.086813338051986,20,1
"devine",27.086813338051986,20,1
"wed",27.086813338051986,40,2
"norris",27.086813338051986,20,1
"four-letter",27.086813338051986,20,1
"reciting",27.086813338051986,20,1
"cuban",27.257170654643506,159,8
"blue",27.429684392964035,1106,56
"harry",27.5167627561163,315,16
"lovely",27.733938571384286,293,15
"naughty",27.78134701338665,39,2
"dusk",27.78134701338665,39,2
"shining",28.142143727846214,77,4
"peanut",28.215430560470814,96,5
"ceases",28.5124350926863,19,1
"castles",28.5124350926863,38,2
"vine",28.5124350926863,38,2
"patiently",28.5124350926863,19,1
"robeson",28.5124350926863,19,1
"anyplace",28.5124350926863,19,1
"swell",28.5124350926863,38,2
"beau",28.5124350926863,19,1
"waits",28.5124350926863,76,4
"franz",28.5124350926863,19,1
"rhyme",28.512435092686303,57,3
"careless",28.512435092686303,57,3
"richards",28.892600893922115,75,4
"gloomy",29.02158571934141,56,3
"robin",29.02158571934141,168,9
"1952",29.02158571934141,56,3
"ya",29.02158571934141,56,3
"billy",29.3965416071882,129,7
"1943",29.54925091423853,55,3
"lend",29.76572894291427,91,5
"warren",30.0964592645022,180,10
"melt",30.096459264502204,54,3
"nichols",30.096459264502204,72,4
"cass",30.096459264502204,18,1
"ragtime",30.096459264502204,18,1
"groping",30.096459264502204,18,1
"skips",30.096459264502204,18,1
"steamer",30.096459264502204,18,1
"unlocked",30.096459264502204,18,1
"kinda",30.096459264502204,18,1
"connelly",30.096459264502204,18,1
"crafty",30.096459264502204,18,1
"taunting",30.096459264502204,18,1
"bumping",30.096459264502204,18,1
"cent",30.52035305695998,142,8
"transcribed",30.60656874356156,177,10
"andrews",30.664316986473946,53,3
"awake",30.664316986473946,53,3
"heart",30.674936663352376,1925,109
"donaldson",30.95635810063084,70,4
"breezes",30.95635810063084,35,2
"fio",30.95635810063084,35,2
"judgement",30.95635810063084,35,2
"vocal",30.95635810063084,70,4
"afraid",31.49629457913021,430,25
"fred",31.68048343631811,171,10
"tease",31.866839221237626,34,2
"straighten",31.866839221237626,17,1
"cheery",31.866839221237626,17,1
"bells",31.866839221237626,85,5
"americana",31.866839221237626,17,1
"wigs",31.866839221237626,17,1
"cheerful",31.866839221237626,85,5
"sequestered",31.866839221237626,34,2
"hush",31.866839221237626,34,2
"humming",31.866839221237626,17,1
"1909",31.866839221237626,17,1
"marie",32.50417600566238,50,3
"ruth",32.50417600566238,100,6
"romance",32.56338215503517,183,11
"rhythm",33.440510293891336,162,10
"whispers",33.85851667256498,16,1
"loaned",33.85851667256498,16,1
"glide",33.85851667256498,16,1
"guitars",33.85851667256498,16,1
"torment",33.85851667256498,16,1
"rearrange",33.85851667256498,16,1
"gaily",33.85851667256498,16,1
"posthumously",33.85851667256498,16,1
"parlor",33.85851667256498,32,2
"ted",34.2600010599867,253,16
"maine",35.05352314336139,170,11
"slave",35.588513874812826,137,9
"eyes",35.7521697303147,894,59
"happiness",35.85019412389233,136,9
"angelo",36.115751117402645,15,1
"crickets",36.115751117402645,15,1
"sofa",36.115751117402645,30,2
"intoxicating",36.115751117402645,15,1
"flaming",36.115751117402645,30,2
"fairer",36.115751117402645,15,1
"chestnuts",36.115751117402645,15,1
"grandest",36.115751117402645,30,2
"panties",36.115751117402645,15,1
"frigid",36.115751117402645,15,1
"pollack",36.115751117402645,30,2
"lange",36.115751117402645,15,1
"lyric",36.115751117402645,30,2
"forlorn",36.115751117402645,15,1
"continental",36.41924482427157,119,8
"porter",36.72788249227388,59,4
"whistle",36.93656364279816,44,3
"fulfillment",37.36112184558894,29,2
"henderson",37.36112184558894,29,2
"cling",37.36112184558894,29,2
"someday",37.686001165985374,115,8
"twilight",37.79555349495626,43,3
"spinning",37.92153867327278,100,7
"skies",38.21376155575799,241,17
"longs",38.695447625788546,14,1
"saxophone",38.695447625788546,14,1
"libby",38.695447625788546,28,2
"ripples",38.695447625788546,14,1
"joyous",38.695447625788546,28,2
"luscious",38.695447625788546,14,1
"cupid",38.695447625788546,14,1
"enthralling",38.695447625788546,14,1
"creeps",38.695447625788546,14,1
"adore",38.695447625788546,28,2
"matinee",38.695447625788546,14,1
"moll",38.695447625788546,14,1
"doris",38.695447625788546,28,2
"crawford",38.695447625788546,28,2
"slyly",38.695447625788546,14,1
"obedient",38.695447625788546,14,1
"pal",39.39900121898471,55,4
"1951",39.39900121898471,55,4
"tender",39.50160278465914,96,7
"wheels",39.63923903129558,123,9
"temptation",39.91740912976082,95,7
"curtains",40.1286123526696,27,2
"sprinkled",40.1286123526696,27,2
"enchanted",40.1286123526696,27,2
"monologue",40.1286123526696,27,2
"icy",40.1286123526696,27,2
"vain",40.128612352669606,81,6
"harvest",40.88575598196526,106,8
"peanuts",41.04062626977573,66,5
"cried",41.04062626977573,66,5
"sunshine",41.04062626977573,66,5
"breeze",41.04062626977573,66,5
"sweetly",41.672020520079975,13,1
"carson",41.672020520079975,26,2
"lucille",41.672020520079975,13,1
"vest",41.672020520079975,26,2
"mistook",41.672020520079975,13,1
"midi",41.672020520079975,13,1
"anson",41.672020520079975,13,1
"gal",41.672020520079975,65,5
"reprise",41.672020520079975,13,1
"murmur",41.672020520079975,13,1
"bernie",41.672020520079975,13,1
"ginger",41.672020520079975,26,2
"custer",41.672020520079975,13,1
"adieu",41.672020520079975,13,1
"cadets",41.672020520079975,13,1
"aches",41.672020520079975,13,1
"glancing",41.672020520079975,13,1
"tot",41.672020520079975,13,1
"frown",41.672020520079975,13,1
"blues",43.051888749221696,151,12
"denny",43.338901340883176,25,2
"brook",43.338901340883176,25,2
"browne",43.338901340883176,25,2
"nightingale",43.338901340883176,25,2
"stars",43.61436045957523,472,38
"cottage",43.92456216981403,74,6
"russ",43.92456216981403,37,3
"smile",44.61357490973268,170,14
"parted",45.14468889675331,12,1
"lonesome",45.14468889675331,12,1
"spank",45.14468889675331,12,1
"rodgers",45.14468889675331,24,2
"burnett",45.14468889675331,12,1
"surrender",45.14468889675331,96,8
"clutches",45.14468889675331,12,1
"twinkle",45.14468889675331,12,1
"patter",45.14468889675331,12,1
"ache",45.14468889675331,12,1
"rewritten",45.14468889675331,12,1
"tumbled",45.14468889675331,12,1
"peeping",45.14468889675331,12,1
"hound",45.14468889675331,36,3
"roaring",45.14468889675331,24,2
"gown",45.14468889675331,12,1
"craving",45.14468889675331,12,1
"twigs",45.14468889675331,12,1
"francine",45.14468889675331,12,1
"yea",45.14468889675331,12,1
"halo",45.14468889675331,12,1
"haunts",45.14468889675331,24,2
"jerome",45.14468889675331,48,4
"bloom",45.524056030339466,119,10
"heaven",45.66359336683093,261,22
"lover",45.7309835577501,154,13
"alma",46.43453715094626,35,3
"troubles",46.55546042477685,128,11
"sammy",47.10750145748171,46,4
"rosemary",47.10750145748171,23,2
"fade",47.10750145748171,46,4
"plow",47.10750145748171,23,2
"tumble",47.800258831856446,34,3
"pansies",49.248751523730874,11,1
"krueger",49.248751523730874,11,1
"somers",49.248751523730874,11,1
"mule",49.248751523730874,22,2
"fingertips",49.248751523730874,11,1
"parting",49.248751523730874,22,2
"lyricist",49.248751523730874,11,1
"dizzy",49.248751523730874,22,2
"connie",49.248751523730874,11,1
"perish",49.248751523730874,11,1
"halts",49.248751523730874,11,1
"whistles",49.248751523730874,22,2
"meadow",49.248751523730874,22,2
"pane",49.248751523730874,11,1
"thy",49.24875152373088,55,5
"wolf",50.665981783406586,278,26
"rainbow",50.78777500884747,32,3
"popularized",50.78777500884747,32,3
"otto",50.78777500884747,32,3
"lyrics",51.37154253768479,116,11
"love",51.5190840407823,3102,295
"wakes",51.593930167718064,21,2
"papa",51.593930167718064,21,2
"nat",52.42609033171352,31,3
"romeo",52.42609033171352,31,3
"sky",53.02099632129325,235,23
"glorified",54.17362667610397,20,2
"lounging",54.17362667610397,10,1
"zooming",54.17362667610397,10,1
"plaintive",54.17362667610397,10,1
"nino",54.17362667610397,10,1
"bawdy",54.17362667610397,10,1
"interlude",54.17362667610397,10,1
"tummy",54.17362667610397,10,1
"consolation",54.17362667610397,30,3
"eddy",54.17362667610397,20,2
"yearning",54.17362667610397,20,2
"drumming",54.17362667610397,10,1
"scheming",54.17362667610397,20,2
"rover",54.17362667610397,20,2
"lips",54.17362667610397,120,12
"banish",54.17362667610397,10,1
"shack",54.17362667610397,20,2
"withered",54.17362667610397,10,1
"owls",54.17362667610397,10,1
"tobias",54.17362667610397,10,1
"wagon",56.04168276838342,87,9
"moon",56.693330242434385,258,27
"steals",57.0248701853726,19,2
"whispering",57.0248701853726,19,2
"anew",57.0248701853726,19,2
"builder",57.0248701853726,38,4
"award-winning",57.0248701853726,19,2
"madly",57.0248701853726,19,2
"oceans",57.0248701853726,19,2
"maid",57.63151774053613,47,5
"forgetting",57.63151774053613,47,5
"mater",58.04317143868282,28,3
"cloudy",58.04317143868282,28,3
"waterfall",58.56608289308537,37,4
"contented",60.19291852900441,9,1
"wilbur",60.19291852900441,9,1
"soiled",60.19291852900441,9,1
"pinch",60.19291852900441,18,2
"barnum",60.19291852900441,9,1
"pianos",60.19291852900441,9,1
"grumble",60.19291852900441,9,1
"brunswick",60.19291852900441,18,2
"revel",60.19291852900441,18,2
"homesick",60.19291852900441,9,1
"frenchmen",60.19291852900441,9,1
"sparkle",60.19291852900441,9,1
"webb",60.19291852900441,27,3
"kearns",60.19291852900441,9,1
"stork",60.19291852900441,9,1
"marbles",60.19291852900441,18,2
"kiss",61.5609394046636,220,25
"reeling",62.50803078011997,26,3
"lonely",62.81000194330894,138,16
"roundup",63.20256445545463,60,7
"coward",63.73367844247525,34,4
"waltz",63.73367844247525,17,2
"tick",63.73367844247525,17,2
"clifton",63.73367844247525,17,2
"sprague",63.73367844247525,17,2
"fairy",64.49241270964757,42,5
"roasted",65.00835201132476,25,3
"ruby",65.66500203164117,33,4
"billboard",65.66500203164117,33,4
"horizon",65.88684325472104,74,9
"productions",65.88684325472104,74,9
"longing",66.06539838549264,41,5
"parade",66.67523283212796,130,16
"dancing",66.85256057902191,235,29
"clouded",67.71703334512996,16,2
"imitations",67.71703334512996,8,1
"patti",67.71703334512996,8,1
"rendezvous",67.71703334512996,24,3
"sycamore",67.71703334512996,8,1
"ramblers",67.71703334512996,8,1
"doggone",67.71703334512996,8,1
"sinned",67.71703334512996,8,1
"hula",67.71703334512996,8,1
"re-release",67.71703334512996,8,1
"bg",67.71703334512996,8,1
"cymbals",67.71703334512996,8,1
"luring",67.71703334512996,8,1
"puffed",67.71703334512996,8,1
"strays",67.71703334512996,8,1
"mmm",67.71703334512996,8,1
"smiled",69.90145377561802,31,4
"weary",70.2250716171718,54,7
"dream",70.30853378928634,601,78
"roses",70.66125218622255,69,9
"intending",70.66125218622257,23,3
"easter",71.86297416217873,98,13
"johnston",72.23150223480529,15,2
"whistling",72.23150223480529,15,2
"pleas",72.23150223480529,30,4
"armstrong",72.23150223480529,30,4
"pastures",72.23150223480529,15,2
"tears",73.09140107093393,126,17
"afar",73.87312728559633,22,3
"mack",73.87312728559633,22,3
"dandy",73.87312728559633,22,3
"spoon",73.87312728559633,22,3
"rudy",75.24114816125551,108,15
"maurice",77.39089525157709,42,6
"dominoes",77.39089525157709,7,1
"toot",77.39089525157709,7,1
"gruff",77.39089525157709,7,1
"complexion",77.39089525157709,14,2
"reminiscing",77.39089525157709,7,1
"merry",77.39089525157709,35,5
"electrician",77.39089525157709,7,1
"carlisle",77.39089525157709,7,1
"sorrow",77.39089525157709,35,5
"thee",77.39089525157709,28,4
"sob",77.39089525157709,7,1
"rustling",77.39089525157709,7,1
"irreplaceable",77.39089525157709,7,1
"hodgkin",77.39089525157709,7,1
"orchids",77.39089525157709,21,3
"gershwin",77.39089525157709,21,3
"bert",77.39089525157709,14,2
"nigh",77.39089525157709,7,1
"breaker",77.39089525157709,14,2
"maceo",77.39089525157709,7,1
"pullman",77.39089525157709,7,1
"piggy",77.39089525157709,7,1
"toasted",77.39089525157709,7,1
"1932",77.39089525157709,42,6
"moan",77.39089525157709,14,2
"vow",79.66709805309407,34,5
"drip",81.26044001415596,20,3
"rio",81.464100264818,133,20
"sighs",82.08125253955146,33,5
"angel",82.63773560761622,118,18
"proudest",83.34404104015995,13,2
"sunny",83.72287759034249,110,17
"monterey",84.64629168141245,32,5
"sweet",85.0064886672908,376,59
"counterpoint",85.53730527805891,19,3
"whisper",85.53730527805891,38,6
"noel",86.67780268176635,25,4
"dime",88.18962482156459,43,7
"gladly",90.2893777935066,30,5
"irving",90.2893777935066,66,11
"1933",90.2893777935066,60,10
"rumbling",90.28937779350662,6,1
"cocktails",90.28937779350662,24,4
"foursome",90.28937779350662,6,1
"twig",90.28937779350662,6,1
"vocals",90.28937779350662,6,1
"calloway",90.28937779350662,6,1
"high-toned",90.28937779350662,6,1
"mckee",90.28937779350662,6,1
"moonshine",90.28937779350662,6,1
"khaki",90.28937779350662,12,2
"hayward",90.28937779350662,6,1
"unmask",90.28937779350662,6,1
"platters",90.28937779350662,6,1
"nightingales",90.28937779350662,12,2
"tamara",90.28937779350662,12,2
"caress",90.28937779350662,6,1
"thumping",90.28937779350662,6,1
"olsen",90.28937779350662,18,3
"sunlit",90.28937779350662,6,1
"cavanaugh",90.28937779350662,6,1
"entrancing",90.28937779350662,6,1
"night-time",90.28937779350662,6,1
"violins",90.28937779350662,6,1
"minstrel",90.28937779350662,6,1
"stomp",90.28937779350662,6,1
"1931",92.21042838485782,47,8
"orchestra",94.02034381803168,121,21
"song",95.87230307284925,469,83
"worshipping",98.49750304746175,11,2
"sonnet",98.49750304746175,11,2
"brighten",98.49750304746175,11,2
"silvery",98.49750304746175,11,2
"reverie",98.49750304746175,11,2
"frankie",98.49750304746175,11,2
"shadows",98.49750304746176,66,12
"1930",99.79352282440205,38,7
"goodbye",100.67665134497197,113,21
"cheer",101.57555001769494,64,12
"repentance",101.57555001769494,16,3
"lew",101.57555001769494,16,3
"kissed",103.18786033543613,42,8
"arlen",103.18786033543613,21,4
"gloom",104.85218066342703,31,6
"refrain",106.92163159757362,76,15
"hazy",108.34725335220793,25,5
"vanities",108.34725335220794,5,1
"fay",108.34725335220794,5,1
"dims",108.34725335220794,5,1
"operetta",108.34725335220794,5,1
"quickened",108.34725335220794,5,1
"taunt",108.34725335220794,10,2
"caressing",108.34725335220794,5,1
"heartsick",108.34725335220794,5,1
"ginny",108.34725335220794,5,1
"gaynor",108.34725335220794,5,1
"sweethearts",108.34725335220794,5,1
"gorney",108.34725335220794,10,2
"hunky",108.34725335220794,5,1
"emil",108.34725335220794,5,1
"pearly",108.34725335220794,5,1
"voodoo",108.34725335220794,15,3
"ey",108.34725335220794,5,1
"stoke",108.34725335220794,5,1
"gent",108.34725335220794,5,1
"nestles",108.34725335220794,5,1
"mort",108.34725335220794,15,3
"tenderness",108.34725335220794,20,4
"muslin",108.34725335220794,5,1
"inthe",108.34725335220794,5,1
"stafford",108.34725335220794,5,1
"humdrum",108.34725335220794,10,2
"dew",108.34725335220794,20,4
"linger",111.5339372743317,34,7
"softly",112.86172224188326,24,5
"benny",114.0497403707452,19,4
"roberta",116.08634287736564,14,3
"hallelujah",116.08634287736564,14,3
"flame",116.68165745622395,65,14
"charms",120.3858370580088,45,10
"waltzing",120.38583705800882,9,2
"mchugh",120.38583705800882,9,2
"freddy",120.38583705800882,9,2
"leo",123.82543240252336,70,16
"sing",127.0443457448456,226,53
"ethel",128.98482541929513,21,5
"1934",129.71150049207992,71,17
"heavenly",131.33000406328233,33,8
"serenade",135.43406669025993,8,2
"peeps",135.43406669025993,4,1
"janeiro",135.43406669025993,8,2
"dimple",135.43406669025993,4,1
"dawning",135.43406669025993,8,2
"elses",135.43406669025993,4,1
"grieve",135.43406669025993,8,2
"rhapsody",135.43406669025993,4,1
"propeller",135.43406669025993,8,2
"giver",135.43406669025993,8,2
"simms",135.43406669025993,4,1
"bonnet",135.43406669025993,16,4
"blare",135.43406669025993,4,1
"starry",135.43406669025993,4,1
"yeller",135.43406669025993,4,1
"plaything",135.43406669025993,4,1
"piglet",135.43406669025993,4,1
"chorus",135.43406669025993,72,18
"daydreams",135.43406669025993,4,1
"sighing",135.43406669025993,8,2
"til",135.43406669025993,12,3
"kahn",144.46300446961058,15,4
"olden",147.74625457119265,11,3
"gloria",149.44448738235576,58,16
"shout",149.44448738235576,29,8
"jeanette",154.78179050315418,7,2
"simons",154.78179050315418,7,2
"romancing",154.78179050315418,7,2
"stooge",154.78179050315418,7,2
"lorenz",154.78179050315418,7,2
"taker",154.78179050315418,7,2
"columbo",154.78179050315418,7,2
"sweetest",154.78179050315418,7,2
"stormy",159.33419610618813,17,5
"darling",159.33419610618813,51,15
"thrill",161.05672795598477,74,22
"cherries",162.52088002831192,10,3
"rafters",162.52088002831192,10,3
"kern",166.6880820803199,13,4
"verse",166.6880820803199,65,20
"sung",168.73752571245498,61,19
"shuffle",172.37063033305807,22,7
"shine",180.5787555870132,42,14
"nonchalant",180.57875558701323,3,1
"howdy",180.57875558701323,3,1
"mabel",180.57875558701323,3,1
"vocalist",180.57875558701323,3,1
"luncheons",180.57875558701323,3,1
"honky",180.57875558701323,3,1
"tipsy",180.57875558701323,3,1
"moonbeam",180.57875558701323,3,1
"divorcee",180.57875558701323,3,1
"heyman",180.57875558701323,3,1
"throb",180.57875558701323,3,1
"forsake",180.57875558701323,6,2
"heigh",180.57875558701323,3,1
"meanie",180.57875558701323,3,1
"jarrett",180.57875558701323,3,1
"kneel",180.57875558701323,3,1
"bernice",180.57875558701323,3,1
"loveliness",180.57875558701323,3,1
"clover",180.57875558701323,9,3
"putty",180.57875558701323,6,2
"greer",180.57875558701323,6,2
"destinies",180.57875558701323,6,2
"forsooth",180.57875558701323,3,1
"wyman",180.57875558701323,3,1
"frills",180.57875558701323,6,2
"carmichael",180.57875558701323,3,1
"diggers",180.57875558701323,3,1
"tramping",180.57875558701323,6,2
"pepe",180.57875558701323,3,1
"vl",180.57875558701323,3,1
"drawl",180.57875558701323,6,2
"hamp",180.57875558701323,3,1
"appetizing",180.57875558701323,6,2
"sigh",186.8056092279447,29,10
"willow",189.6076933663639,20,7
"astaire",196.9950060949235,11,4
"savoy",199.5870456488041,19,7
"disillusion",216.6945067044159,5,2
"richman",216.6945067044159,5,2
"gus",228.0994807414904,19,8
"aces",232.17268575473128,7,3
"weep",240.77167411601764,18,8
"clouding",270.86813338051985,6,3
"regretting",270.86813338051985,6,3
"everly",270.86813338051985,2,1
"loren",270.86813338051985,8,4
"re-issued",270.86813338051985,2,1
"rko",270.86813338051985,2,1
"doggie",270.86813338051985,8,4
"serviette",270.86813338051985,2,1
"sunbeams",270.86813338051985,2,1
"sho",270.86813338051985,2,1
"harmonized",270.86813338051985,2,1
"levee",270.86813338051985,4,2
"russian-born",270.86813338051985,2,1
"taters",270.86813338051985,2,1
"whippoorwill",270.86813338051985,2,1
"hain",270.86813338051985,2,1
"laverne",270.86813338051985,2,1
"mystifies",270.86813338051985,2,1
"hypnotize",270.86813338051985,2,1
"daisies",270.86813338051985,2,1
"lyman",270.86813338051985,2,1
"sweeter",270.86813338051985,12,6
"downer",270.86813338051985,4,2
"jigs",270.86813338051985,2,1
"southland",270.86813338051985,2,1
"ingle",270.86813338051985,2,1
"talkies",270.86813338051985,2,1
"snow-white",270.86813338051985,2,1
"mamas",270.86813338051985,2,1
"greened",270.86813338051985,2,1
"worshiping",270.86813338051985,2,1
"bugle",270.86813338051985,4,2
"tom-tom",270.86813338051985,2,1
"moonlight",283.7666159224493,21,11
"ellington",300.96459264502204,9,5
"sweetheart",312.5401539005998,26,15
"melody",316.01282227727313,24,14
"chevalier",338.5851667256498,8,5
"masquerade",361.15751117402647,6,4
"revue",361.15751117402647,6,4
"hurries",361.15751117402647,3,2
"birdie",361.15751117402647,6,4
"enchant",361.15751117402647,3,2
"starlight",361.15751117402647,3,2
"twirl",361.15751117402647,3,2
"tenderly",361.15751117402647,9,6
"weems",361.15751117402647,3,2
"aglow",406.30220007077975,4,3
"spect",406.30220007077975,4,3
"tra",406.30220007077975,8,6
"sainte",406.30220007077975,4,3
"darkies",451.446888967533,6,5
"dorsey",464.34537150946255,7,6
"breezing",541.7362667610397,1,1
"snuggles",541.7362667610397,1,1
"altho",541.7362667610397,1,1
"flickered",541.7362667610397,1,1
"sadie",541.7362667610397,1,1
"breezier",541.7362667610397,1,1
"silhouettes",541.7362667610397,2,2
"koehler",541.7362667610397,2,2
"birdies",541.7362667610397,1,1
"paull",541.7362667610397,1,1
"at-a",541.7362667610397,1,1
"smouldering",541.7362667610397,2,2
"rat-a",541.7362667610397,2,2
"pinkard",541.7362667610397,1,1
"moises",541.7362667610397,1,1
"nohow",541.7362667610397,1,1
"hallo",541.7362667610397,1,1
"ferdinando",541.7362667610397,1,1
"thats",541.7362667610397,1,1
"raindrops",541.7362667610397,1,1
"alberts",541.7362667610397,1,1
"gigolos",541.7362667610397,1,1
"garber",541.7362667610397,1,1
"alot",541.7362667610397,2,2
"polka",541.7362667610397,2,2
"diddle",541.7362667610397,1,1
"dory",541.7362667610397,1,1
"starless",541.7362667610397,2,2
"hatters",541.7362667610397,1,1
"sims",541.7362667610397,1,1
"stardust",541.7362667610397,7,7
"laine",541.7362667610397,1,1
"rivet",541.7362667610397,1,1
"wayto",541.7362667610397,1,1
"wronging",541.7362667610397,1,1
"boyer",541.7362667610397,1,1
"indiscreet",541.7362667610397,3,3
"lovey",541.7362667610397,1,1
"bided",541.7362667610397,1,1
"eardrums",541.7362667610397,1,1
"confidentially",541.7362667610397,2,2
"lucienne",541.7362667610397,1,1
"harve",541.7362667610397,1,1
"wending",541.7362667610397,1,1
"opie",541.7362667610397,1,1
"betide",541.7362667610397,1,1
"dilly",541.7362667610397,1,1
"sanborn",541.7362667610397,1,1
"mimi",601.9291852900441,9,10
"lullaby",677.1703334512996,4,5
"crosby",696.5180572641938,21,27
"gigolo",812.6044001415595,2,3
"thru",842.7008594060618,9,14
"oughta",902.893777935066,3,5
"dubin",902.893777935066,3,5
"shanty",975.1252801698714,5,9
"charted",1038.3278446253262,12,23
"duchin",1083.4725335220794,1,2
"winging",1083.4725335220794,1,2
"adamson",1083.4725335220794,1,2
"pennsylvanians",1083.4725335220794,2,4
"slanty",1083.4725335220794,1,2
"rito",1083.4725335220794,1,2
"sigler",1083.4725335220794,1,2
"tat-tat",1083.4725335220794,1,2
"winkle",1083.4725335220794,1,2
"holman",1083.4725335220794,1,2
"renard",1083.4725335220794,1,2
"bing",1252.7651168849043,16,37
"earful",1354.3406669025992,2,5
"shantytown",1625.208800283119,1,3
"harburg",1625.208800283119,1,3
"embraceable",1625.208800283119,1,3
"fain",1625.208800283119,1,3
"boles",1625.208800283119,1,3
"smoothie",1625.208800283119,1,3
"steins",1625.208800283119,1,3
"whiteman",1896.0769336636388,4,14
"git",2166.945067044159,3,12
"moonglow",2437.8132004246786,2,9
"isham",2708.6813338051984,1,5
"lombardo",4604.758267468837,2,17
